datasetName,substringLength,sampleSize,profileParam,useAllLanguages,actual,null,af,ar,bg,bn,ca,cs,da,de,el,en,es,et,fa,fi,fr,gu,he,hi,hr,hu,id,it,ja,kn,ko,lt,lv,mk,ml,mr,ne,nl,no,pa,pl,pt,ro,ru,si,sk,sl,so,sq,sv,sw,ta,te,th,tl,tr,uk,ur,vi,zh-cn,zh-tw
udhr,0,1,merged-average,true,af,0,1,0,0,0,0,0,0,0,0,0,0,0,0,0,0,0,0,0,0,0,0,0,0,0,0,0,0,0,0,0,0,0,0,0,0,0,0,0,0,0,0,0,0,0,0,0,0,0,0,0,0,0,0,0,0
udhr,0,1,merged-average,true,ar,0,0,1,0,0,0,0,0,0,0,0,0,0,0,0,0,0,0,0,0,0,0,0,0,0,0,0,0,0,0,0,0,0,0,0,0,0,0,0,0,0,0,0,0,0,0,0,0,0,0,0,0,0,0,0,0
udhr,0,1,merged-average,true,bg,0,0,0,1,0,0,0,0,0,0,0,0,0,0,0,0,0,0,0,0,0,0,0,0,0,0,0,0,0,0,0,0,0,0,0,0,0,0,0,0,0,0,0,0,0,0,0,0,0,0,0,0,0,0,0,0
udhr,0,1,merged-average,true,bn,0,0,0,0,1,0,0,0,0,0,0,0,0,0,0,0,0,0,0,0,0,0,0,0,0,0,0,0,0,0,0,0,0,0,0,0,0,0,0,0,0,0,0,0,0,0,0,0,0,0,0,0,0,0,0,0
udhr,0,1,merged-average,true,ca,0,0,0,0,0,1,0,0,0,0,0,0,0,0,0,0,0,0,0,0,0,0,0,0,0,0,0,0,0,0,0,0,0,0,0,0,0,0,0,0,0,0,0,0,0,0,0,0,0,0,0,0,0,0,0,0
udhr,0,1,merged-average,true,cs,0,0,0,0,0,0,1,0,0,0,0,0,0,0,0,0,0,0,0,0,0,0,0,0,0,0,0,0,0,0,0,0,0,0,0,0,0,0,0,0,0,0,0,0,0,0,0,0,0,0,0,0,0,0,0,0
udhr,0,1,merged-average,true,da,0,0,0,0,0,0,0,1,0,0,0,0,0,0,0,0,0,0,0,0,0,0,0,0,0,0,0,0,0,0,0,0,0,0,0,0,0,0,0,0,0,0,0,0,0,0,0,0,0,0,0,0,0,0,0,0
udhr,0,1,merged-average,true,de,0,0,0,0,0,0,0,0,1,0,0,0,0,0,0,0,0,0,0,0,0,0,0,0,0,0,0,0,0,0,0,0,0,0,0,0,0,0,0,0,0,0,0,0,0,0,0,0,0,0,0,0,0,0,0,0
udhr,0,1,merged-average,true,el,0,0,0,0,0,0,0,0,0,1,0,0,0,0,0,0,0,0,0,0,0,0,0,0,0,0,0,0,0,0,0,0,0,0,0,0,0,0,0,0,0,0,0,0,0,0,0,0,0,0,0,0,0,0,0,0
udhr,0,1,merged-average,true,en,0,0,0,0,0,0,0,0,0,0,1,0,0,0,0,0,0,0,0,0,0,0,0,0,0,0,0,0,0,0,0,0,0,0,0,0,0,0,0,0,0,0,0,0,0,0,0,0,0,0,0,0,0,0,0,0
udhr,0,1,merged-average,true,es,0,0,0,0,0,0,0,0,0,0,0,1,0,0,0,0,0,0,0,0,0,0,0,0,0,0,0,0,0,0,0,0,0,0,0,0,0,0,0,0,0,0,0,0,0,0,0,0,0,0,0,0,0,0,0,0
udhr,0,1,merged-average,true,et,0,0,0,0,0,0,0,0,0,0,0,0,1,0,0,0,0,0,0,0,0,0,0,0,0,0,0,0,0,0,0,0,0,0,0,0,0,0,0,0,0,0,0,0,0,0,0,0,0,0,0,0,0,0,0,0
udhr,0,1,merged-average,true,fa,0,0,0,0,0,0,0,0,0,0,0,0,0,1,0,0,0,0,0,0,0,0,0,0,0,0,0,0,0,0,0,0,0,0,0,0,0,0,0,0,0,0,0,0,0,0,0,0,0,0,0,0,0,0,0,0
udhr,0,1,merged-average,true,fi,0,0,0,0,0,0,0,0,0,0,0,0,0,0,1,0,0,0,0,0,0,0,0,0,0,0,0,0,0,0,0,0,0,0,0,0,0,0,0,0,0,0,0,0,0,0,0,0,0,0,0,0,0,0,0,0
udhr,0,1,merged-average,true,fr,0,0,0,0,0,0,0,0,0,0,0,0,0,0,0,1,0,0,0,0,0,0,0,0,0,0,0,0,0,0,0,0,0,0,0,0,0,0,0,0,0,0,0,0,0,0,0,0,0,0,0,0,0,0,0,0
udhr,0,1,merged-average,true,gu,0,0,0,0,0,0,0,0,0,0,0,0,0,0,0,0,1,0,0,0,0,0,0,0,0,0,0,0,0,0,0,0,0,0,0,0,0,0,0,0,0,0,0,0,0,0,0,0,0,0,0,0,0,0,0,0
udhr,0,1,merged-average,true,he,0,0,0,0,0,0,0,0,0,0,0,0,0,0,0,0,0,1,0,0,0,0,0,0,0,0,0,0,0,0,0,0,0,0,0,0,0,0,0,0,0,0,0,0,0,0,0,0,0,0,0,0,0,0,0,0
udhr,0,1,merged-average,true,hi,0,0,0,0,0,0,0,0,0,0,0,0,0,0,0,0,0,0,1,0,0,0,0,0,0,0,0,0,0,0,0,0,0,0,0,0,0,0,0,0,0,0,0,0,0,0,0,0,0,0,0,0,0,0,0,0
udhr,0,1,merged-average,true,hr,0,0,0,0,0,0,0,0,0,0,0,0,0,0,0,0,0,0,0,1,0,0,0,0,0,0,0,0,0,0,0,0,0,0,0,0,0,0,0,0,0,0,0,0,0,0,0,0,0,0,0,0,0,0,0,0
udhr,0,1,merged-average,true,hu,0,0,0,0,0,0,0,0,0,0,0,0,0,0,0,0,0,0,0,0,1,0,0,0,0,0,0,0,0,0,0,0,0,0,0,0,0,0,0,0,0,0,0,0,0,0,0,0,0,0,0,0,0,0,0,0
udhr,0,1,merged-average,true,id,0,0,0,0,0,0,0,0,0,0,0,0,0,0,0,0,0,0,0,0,0,1,0,0,0,0,0,0,0,0,0,0,0,0,0,0,0,0,0,0,0,0,0,0,0,0,0,0,0,0,0,0,0,0,0,0
udhr,0,1,merged-average,true,it,0,0,0,0,0,0,0,0,0,0,0,0,0,0,0,0,0,0,0,0,0,0,1,0,0,0,0,0,0,0,0,0,0,0,0,0,0,0,0,0,0,0,0,0,0,0,0,0,0,0,0,0,0,0,0,0
udhr,0,1,merged-average,true,ja,0,0,0,0,0,0,0,0,0,0,0,0,0,0,0,0,0,0,0,0,0,0,0,1,0,0,0,0,0,0,0,0,0,0,0,0,0,0,0,0,0,0,0,0,0,0,0,0,0,0,0,0,0,0,0,0
udhr,0,1,merged-average,true,kn,0,0,0,0,0,0,0,0,0,0,0,0,0,0,0,0,0,0,0,0,0,0,0,0,1,0,0,0,0,0,0,0,0,0,0,0,0,0,0,0,0,0,0,0,0,0,0,0,0,0,0,0,0,0,0,0
udhr,0,1,merged-average,true,ko,0,0,0,0,0,0,0,0,0,0,0,0,0,0,0,0,0,0,0,0,0,0,0,0,0,1,0,0,0,0,0,0,0,0,0,0,0,0,0,0,0,0,0,0,0,0,0,0,0,0,0,0,0,0,0,0
udhr,0,1,merged-average,true,lt,0,0,0,0,0,0,0,0,0,0,0,0,0,0,0,0,0,0,0,0,0,0,0,0,0,0,1,0,0,0,0,0,0,0,0,0,0,0,0,0,0,0,0,0,0,0,0,0,0,0,0,0,0,0,0,0
udhr,0,1,merged-average,true,lv,0,0,0,0,0,0,0,0,0,0,0,0,0,0,0,0,0,0,0,0,0,0,0,0,0,0,0,1,0,0,0,0,0,0,0,0,0,0,0,0,0,0,0,0,0,0,0,0,0,0,0,0,0,0,0,0
udhr,0,1,merged-average,true,mk,0,0,0,0,0,0,0,0,0,0,0,0,0,0,0,0,0,0,0,0,0,0,0,0,0,0,0,0,1,0,0,0,0,0,0,0,0,0,0,0,0,0,0,0,0,0,0,0,0,0,0,0,0,0,0,0
udhr,0,1,merged-average,true,ml,0,0,0,0,0,0,0,0,0,0,0,0,0,0,0,0,0,0,0,0,0,0,0,0,0,0,0,0,0,1,0,0,0,0,0,0,0,0,0,0,0,0,0,0,0,0,0,0,0,0,0,0,0,0,0,0
udhr,0,1,merged-average,true,mr,0,0,0,0,0,0,0,0,0,0,0,0,0,0,0,0,0,0,0,0,0,0,0,0,0,0,0,0,0,0,1,0,0,0,0,0,0,0,0,0,0,0,0,0,0,0,0,0,0,0,0,0,0,0,0,0
udhr,0,1,merged-average,true,ne,0,0,0,0,0,0,0,0,0,0,0,0,0,0,0,0,0,0,0,0,0,0,0,0,0,0,0,0,0,0,0,1,0,0,0,0,0,0,0,0,0,0,0,0,0,0,0,0,0,0,0,0,0,0,0,0
udhr,0,1,merged-average,true,nl,0,0,0,0,0,0,0,0,0,0,0,0,0,0,0,0,0,0,0,0,0,0,0,0,0,0,0,0,0,0,0,0,1,0,0,0,0,0,0,0,0,0,0,0,0,0,0,0,0,0,0,0,0,0,0,0
udhr,0,1,merged-average,true,no,0,0,0,0,0,0,0,0,0,0,0,0,0,0,0,0,0,0,0,0,0,0,0,0,0,0,0,0,0,0,0,0,0,1,0,0,0,0,0,0,0,0,0,0,0,0,0,0,0,0,0,0,0,0,0,0
udhr,0,1,merged-average,true,pa,0,0,0,0,0,0,0,0,0,0,0,0,0,0,0,0,0,0,0,0,0,0,0,0,0,0,0,0,0,0,0,0,0,0,1,0,0,0,0,0,0,0,0,0,0,0,0,0,0,0,0,0,0,0,0,0
udhr,0,1,merged-average,true,pl,0,0,0,0,0,0,0,0,0,0,0,0,0,0,0,0,0,0,0,0,0,0,0,0,0,0,0,0,0,0,0,0,0,0,0,1,0,0,0,0,0,0,0,0,0,0,0,0,0,0,0,0,0,0,0,0
udhr,0,1,merged-average,true,pt,0,0,0,0,0,0,0,0,0,0,0,0,0,0,0,0,0,0,0,0,0,0,0,0,0,0,0,0,0,0,0,0,0,0,0,0,1,0,0,0,0,0,0,0,0,0,0,0,0,0,0,0,0,0,0,0
udhr,0,1,merged-average,true,ro,0,0,0,0,0,0,0,0,0,0,0,0,0,0,0,0,0,0,0,0,0,0,0,0,0,0,0,0,0,0,0,0,0,0,0,0,0,1,0,0,0,0,0,0,0,0,0,0,0,0,0,0,0,0,0,0
udhr,0,1,merged-average,true,ru,0,0,0,0,0,0,0,0,0,0,0,0,0,0,0,0,0,0,0,0,0,0,0,0,0,0,0,0,0,0,0,0,0,0,0,0,0,0,1,0,0,0,0,0,0,0,0,0,0,0,0,0,0,0,0,0
udhr,0,1,merged-average,true,si,0,0,0,0,0,0,0,0,0,0,0,0,0,0,0,0,0,0,0,0,0,0,0,0,0,0,0,0,0,0,0,0,0,0,0,0,0,0,0,1,0,0,0,0,0,0,0,0,0,0,0,0,0,0,0,0
udhr,0,1,merged-average,true,sk,0,0,0,0,0,0,0,0,0,0,0,0,0,0,0,0,0,0,0,0,0,0,0,0,0,0,0,0,0,0,0,0,0,0,0,0,0,0,0,0,1,0,0,0,0,0,0,0,0,0,0,0,0,0,0,0
udhr,0,1,merged-average,true,sl,0,0,0,0,0,0,0,0,0,0,0,0,0,0,0,0,0,0,0,0,0,0,0,0,0,0,0,0,0,0,0,0,0,0,0,0,0,0,0,0,0,1,0,0,0,0,0,0,0,0,0,0,0,0,0,0
udhr,0,1,merged-average,true,so,0,0,0,0,0,0,0,0,0,0,0,0,0,0,0,0,0,0,0,0,0,0,0,0,0,0,0,0,0,0,0,0,0,0,0,0,0,0,0,0,0,0,1,0,0,0,0,0,0,0,0,0,0,0,0,0
udhr,0,1,merged-average,true,sq,0,0,0,0,0,0,0,0,0,0,0,0,0,0,0,0,0,0,0,0,0,0,0,0,0,0,0,0,0,0,0,0,0,0,0,0,0,0,0,0,0,0,0,1,0,0,0,0,0,0,0,0,0,0,0,0
udhr,0,1,merged-average,true,sv,0,0,0,0,0,0,0,0,0,0,0,0,0,0,0,0,0,0,0,0,0,0,0,0,0,0,0,0,0,0,0,0,0,0,0,0,0,0,0,0,0,0,0,0,1,0,0,0,0,0,0,0,0,0,0,0
udhr,0,1,merged-average,true,sw,0,0,0,0,0,0,0,0,0,0,0,0,0,0,0,0,0,0,0,0,0,0,0,0,0,0,0,0,0,0,0,0,0,0,0,0,0,0,0,0,0,0,0,0,0,1,0,0,0,0,0,0,0,0,0,0
udhr,0,1,merged-average,true,ta,0,0,0,0,0,0,0,0,0,0,0,0,0,0,0,0,0,0,0,0,0,0,0,0,0,0,0,0,0,0,0,0,0,0,0,0,0,0,0,0,0,0,0,0,0,0,1,0,0,0,0,0,0,0,0,0
udhr,0,1,merged-average,true,te,0,0,0,0,0,0,0,0,0,0,0,0,0,0,0,0,0,0,0,0,0,0,0,0,0,0,0,0,0,0,0,0,0,0,0,0,0,0,0,0,0,0,0,0,0,0,0,1,0,0,0,0,0,0,0,0
udhr,0,1,merged-average,true,th,0,0,0,0,0,0,0,0,0,0,0,0,0,0,0,0,0,0,0,0,0,0,0,0,0,0,0,0,0,0,0,0,0,0,0,0,0,0,0,0,0,0,0,0,0,0,0,0,1,0,0,0,0,0,0,0
udhr,0,1,merged-average,true,tl,0,0,0,0,0,0,0,0,0,0,0,0,0,0,0,0,0,0,0,0,0,0,0,0,0,0,0,0,0,0,0,0,0,0,0,0,0,0,0,0,0,0,0,0,0,0,0,0,0,1,0,0,0,0,0,0
udhr,0,1,merged-average,true,tr,0,0,0,0,0,0,0,0,0,0,0,0,0,0,0,0,0,0,0,0,0,0,0,0,0,0,0,0,0,0,0,0,0,0,0,0,0,0,0,0,0,0,0,0,0,0,0,0,0,0,1,0,0,0,0,0
udhr,0,1,merged-average,true,uk,0,0,0,0,0,0,0,0,0,0,0,0,0,0,0,0,0,0,0,0,0,0,0,0,0,0,0,0,0,0,0,0,0,0,0,0,0,0,0,0,0,0,0,0,0,0,0,0,0,0,0,1,0,0,0,0
udhr,0,1,merged-average,true,ur,0,0,0,0,0,0,0,0,0,0,0,0,0,0,0,0,0,0,0,0,0,0,0,0,0,0,0,0,0,0,0,0,0,0,0,0,0,0,0,0,0,0,0,0,0,0,0,0,0,0,0,0,1,0,0,0
udhr,0,1,merged-average,true,vi,0,0,0,0,0,0,0,0,0,0,0,0,0,0,0,0,0,0,0,0,0,0,0,0,0,0,0,0,0,0,0,0,0,0,0,0,0,0,0,0,0,0,0,0,0,0,0,0,0,0,0,0,0,1,0,0
udhr,0,1,merged-average,true,zh-cn,0,0,0,0,0,0,0,0,0,0,0,0,0,0,0,0,0,0,0,0,0,0,0,0,0,0,0,0,0,0,0,0,0,0,0,0,0,0,0,0,0,0,0,0,0,0,0,0,0,0,0,0,0,0,1,0
udhr,0,1,merged-average,true,zh-tw,0,0,0,0,0,0,0,0,0,0,0,0,0,0,0,0,0,0,0,0,0,0,0,0,0,0,0,0,0,0,0,0,0,0,0,0,0,0,0,0,0,0,0,0,0,0,0,0,0,0,0,0,0,0,0,1
udhr,5,100,merged-average,true,af,0,35,0,0,0,1,0,4,4,0,4,0,3,0,0,5,0,0,0,0,0,1,2,0,0,0,0,1,0,0,0,0,13,7,0,2,2,2,0,0,0,0,4,2,1,0,0,0,0,6,1,0,0,0,0,0
udhr,5,100,merged-average,true,ar,0,0,87,0,0,0,0,0,0,0,0,0,0,11,0,0,0,0,0,0,0,0,0,0,0,0,0,0,0,0,0,0,0,0,0,0,0,0,0,0,0,0,0,0,0,0,0,0,0,0,0,0,2,0,0,0
udhr,5,100,merged-average,true,bg,0,0,0,39,0,0,0,0,0,0,0,0,0,0,0,0,0,0,0,0,0,0,0,0,0,0,0,0,42,0,0,0,0,0,0,0,0,0,17,0,0,0,0,0,0,0,0,0,0,0,0,2,0,0,0,0
udhr,5,100,merged-average,true,bn,0,0,0,0,100,0,0,0,0,0,0,0,0,0,0,0,0,0,0,0,0,0,0,0,0,0,0,0,0,0,0,0,0,0,0,0,0,0,0,0,0,0,0,0,0,0,0,0,0,0,0,0,0,0,0,0
udhr,5,100,merged-average,true,ca,1,1,0,0,0,15,1,6,2,0,3,14,0,0,2,9,0,0,0,1,3,2,8,0,0,0,0,2,0,0,0,0,3,5,0,0,7,8,0,0,0,0,1,2,1,0,0,0,0,2,1,0,0,0,0,0
udhr,5,100,merged-average,true,cs,0,2,0,0,0,0,44,0,0,0,1,1,0,0,1,1,0,0,0,3,3,4,2,0,0,0,4,0,0,0,0,0,0,0,0,0,3,3,0,0,23,3,0,0,0,1,0,0,0,1,0,0,0,0,0,0
udhr,5,100,merged-average,true,da,0,4,0,0,0,6,0,31,2,0,2,0,1,0,1,4,0,0,0,1,0,0,5,0,0,0,1,0,0,0,0,0,5,17,0,0,0,1,0,0,1,2,0,2,5,2,0,0,0,5,2,0,0,0,0,0
udhr,5,100,merged-average,true,de,0,7,0,0,0,2,0,9,41,0,4,0,3,0,1,4,0,0,0,0,0,4,3,0,0,0,1,0,0,0,0,0,8,2,0,2,1,2,0,0,0,0,2,1,0,0,0,0,0,1,2,0,0,0,0,0
udhr,5,100,merged-average,true,el,0,0,0,0,0,0,0,0,0,100,0,0,0,0,0,0,0,0,0,0,0,0,0,0,0,0,0,0,0,0,0,0,0,0,0,0,0,0,0,0,0,0,0,0,0,0,0,0,0,0,0,0,0,0,0,0
udhr,5,100,merged-average,true,en,0,1,0,0,0,5,0,7,2,0,35,3,0,0,2,5,0,0,0,2,1,2,8,0,0,0,0,1,0,0,0,0,5,3,0,0,3,5,0,0,0,0,0,5,0,1,0,0,0,3,0,0,0,1,0,0
udhr,5,100,merged-average,true,es,0,0,0,0,0,7,1,1,1,0,1,30,0,0,4,9,0,0,0,3,3,2,10,0,0,0,1,1,0,0,0,0,1,0,0,1,9,4,0,0,2,3,3,0,0,0,0,0,0,2,0,0,0,1,0,0
udhr,5,100,merged-average,true,et,0,6,0,0,0,2,0,0,0,0,3,0,42,0,8,2,0,0,0,2,0,3,4,0,0,0,2,2,0,0,0,0,4,2,0,0,4,0,0,0,0,1,6,3,0,0,0,0,0,3,1,0,0,0,0,0
udhr,5,100,merged-average,true,fa,0,0,23,0,0,0,0,0,0,0,0,0,0,65,0,0,0,0,0,0,0,0,0,0,0,0,0,0,0,0,0,0,0,0,0,0,0,0,0,0,0,0,0,0,0,0,0,0,0,0,0,0,12,0,0,0
udhr,5,100,merged-average,true,fi,0,5,0,0,0,0,0,1,1,0,2,1,5,0,57,3,0,0,0,1,0,4,0,0,0,0,3,0,0,0,0,0,3,1,0,1,0,1,0,0,1,1,2,0,1,2,0,0,0,2,2,0,0,0,0,0
udhr,5,100,merged-average,true,fr,0,1,0,0,0,5,0,9,1,0,8,4,0,0,6,41,0,0,0,1,2,0,7,0,0,0,1,0,0,0,0,0,3,0,0,0,1,5,0,0,1,0,1,1,0,1,0,0,0,1,0,0,0,0,0,0
udhr,5,100,merged-average,true,gu,0,0,0,0,0,0,0,0,0,0,0,0,0,0,0,0,100,0,0,0,0,0,0,0,0,0,0,0,0,0,0,0,0,0,0,0,0,0,0,0,0,0,0,0,0,0,0,0,0,0,0,0,0,0,0,0
udhr,5,100,merged-average,true,he,0,0,0,0,0,0,0,0,0,0,0,0,0,0,0,0,0,100,0,0,0,0,0,0,0,0,0,0,0,0,0,0,0,0,0,0,0,0,0,0,0,0,0,0,0,0,0,0,0,0,0,0,0,0,0,0
udhr,5,100,merged-average,true,hi,0,0,0,0,0,0,0,0,0,0,0,0,0,0,0,0,0,0,44,0,0,0,0,0,0,0,0,0,0,0,14,42,0,0,0,0,0,0,0,0,0,0,0,0,0,0,0,0,0,0,0,0,0,0,0,0
udhr,5,100,merged-average,true,hr,1,1,0,0,0,1,1,0,0,0,1,1,2,0,3,2,0,0,0,44,1,0,2,0,0,0,2,0,0,0,0,0,0,2,0,2,3,0,0,0,3,17,1,3,1,2,0,0,0,2,1,0,0,1,0,0
udhr,5,100,merged-average,true,hu,1,1,0,0,0,2,0,0,2,0,0,1,2,0,6,5,0,0,0,0,53,2,3,0,0,0,1,1,0,0,0,0,5,3,0,1,1,1,0,0,1,2,2,0,0,1,0,0,0,2,1,0,0,0,0,0
udhr,5,100,merged-average,true,id,0,6,0,0,0,2,0,1,0,0,0,0,0,0,1,0,0,0,0,0,1,43,3,0,0,0,1,1,0,0,0,0,0,0,0,0,5,2,0,0,0,1,6,0,0,4,0,0,0,23,0,0,0,0,0,0
udhr,5,100,merged-average,true,it,0,3,0,0,0,5,0,7,2,0,0,6,1,0,2,4,0,0,0,0,0,1,40,0,0,0,0,2,0,0,0,0,1,1,0,0,6,6,0,0,3,1,2,1,3,1,0,0,0,0,2,0,0,0,0,0
udhr,5,100,merged-average,true,ja,0,0,0,0,0,0,0,0,0,0,0,0,0,0,0,0,0,0,0,0,0,0,0,92,0,0,0,0,0,0,0,0,0,0,0,0,0,0,0,0,0,0,0,0,0,0,0,0,0,0,0,0,0,0,7,1
udhr,5,100,merged-average,true,kn,0,0,0,0,0,0,0,0,0,0,0,0,0,0,0,0,0,0,0,0,0,0,0,0,100,0,0,0,0,0,0,0,0,0,0,0,0,0,0,0,0,0,0,0,0,0,0,0,0,0,0,0,0,0,0,0
udhr,5,100,merged-average,true,ko,0,0,0,0,0,0,0,0,0,0,0,0,0,0,0,0,0,0,0,0,0,0,0,0,0,100,0,0,0,0,0,0,0,0,0,0,0,0,0,0,0,0,0,0,0,0,0,0,0,0,0,0,0,0,0,0
udhr,5,100,merged-average,true,lt,0,5,0,0,0,0,2,0,0,0,1,1,5,0,3,1,0,0,0,1,1,0,4,0,0,0,40,12,0,0,0,0,1,0,0,0,1,7,0,0,1,2,4,0,2,0,0,0,0,3,3,0,0,0,0,0
udhr,5,100,merged-average,true,lv,1,1,0,0,0,0,0,0,2,0,0,0,0,0,4,1,0,0,0,4,0,1,0,0,0,0,4,62,0,0,0,0,0,2,0,3,4,2,0,0,0,0,0,0,2,0,0,0,0,6,1,0,0,0,0,0
udhr,5,100,merged-average,true,mk,0,0,0,19,0,0,0,0,0,0,0,0,0,0,0,0,0,0,0,0,0,0,0,0,0,0,0,0,57,0,0,0,0,0,0,0,0,0,21,0,0,0,0,0,0,0,0,0,0,0,0,3,0,0,0,0
udhr,5,100,merged-average,true,ml,0,0,0,0,0,0,0,0,0,0,0,0,0,0,0,0,0,0,0,0,0,0,0,0,0,0,0,0,0,100,0,0,0,0,0,0,0,0,0,0,0,0,0,0,0,0,0,0,0,0,0,0,0,0,0,0
udhr,5,100,merged-average,true,mr,0,0,0,0,0,0,0,0,0,0,0,0,0,0,0,0,0,0,11,0,0,0,0,0,0,0,0,0,0,0,69,20,0,0,0,0,0,0,0,0,0,0,0,0,0,0,0,0,0,0,0,0,0,0,0,0
udhr,5,100,merged-average,true,ne,0,0,0,0,0,0,0,0,0,0,0,0,0,0,0,0,0,0,14,0,0,0,0,0,0,0,0,0,0,0,16,70,0,0,0,0,0,0,0,0,0,0,0,0,0,0,0,0,0,0,0,0,0,0,0,0
udhr,5,100,merged-average,true,nl,0,16,0,0,0,1,0,7,7,0,3,1,1,0,0,1,0,0,0,3,0,0,2,0,0,0,1,0,0,0,0,0,33,2,0,0,4,2,0,0,1,3,1,3,2,0,0,0,0,6,0,0,0,0,0,0
udhr,5,100,merged-average,true,no,0,5,0,0,0,3,1,23,1,0,0,1,0,0,4,4,0,0,0,2,0,0,6,0,0,0,0,1,0,0,0,0,5,21,0,0,1,6,0,0,0,1,0,4,5,1,0,0,0,5,0,0,0,0,0,0
udhr,5,100,merged-average,true,pa,0,0,0,0,0,0,0,0,0,0,0,0,0,0,0,0,0,0,0,0,0,0,0,0,0,0,0,0,0,0,0,0,0,0,100,0,0,0,0,0,0,0,0,0,0,0,0,0,0,0,0,0,0,0,0,0
udhr,5,100,merged-average,true,pl,0,2,0,0,0,1,0,0,2,0,1,1,1,0,1,0,0,0,0,9,1,2,1,0,0,0,0,0,0,0,0,0,2,1,0,55,2,5,0,0,1,1,0,1,1,4,0,0,0,4,0,0,0,1,0,0
udhr,5,100,merged-average,true,pt,0,0,0,0,0,4,1,3,8,0,2,8,0,0,0,6,0,0,0,1,0,1,5,0,0,0,4,0,0,0,0,0,1,1,0,0,37,9,0,0,3,1,1,0,1,1,0,0,0,2,0,0,0,0,0,0
udhr,5,100,merged-average,true,ro,0,0,0,0,0,4,0,2,4,0,3,7,2,0,0,2,0,0,0,1,0,2,4,0,0,0,1,1,0,0,0,0,2,2,0,0,2,56,0,0,0,0,0,1,1,0,0,0,0,2,1,0,0,0,0,0
udhr,5,100,merged-average,true,ru,0,0,0,22,0,0,0,0,0,0,0,0,0,0,0,0,0,0,0,0,0,0,0,0,0,0,0,0,22,0,0,0,0,0,0,0,0,0,45,0,0,0,0,0,0,0,0,0,0,0,0,11,0,0,0,0
udhr,5,100,merged-average,true,si,0,0,0,0,0,0,0,0,0,0,0,0,0,0,0,0,0,0,0,0,0,0,0,0,0,0,0,0,0,0,0,0,0,0,0,0,0,0,0,100,0,0,0,0,0,0,0,0,0,0,0,0,0,0,0,0
udhr,5,100,merged-average,true,sk,0,0,0,0,0,0,13,1,0,0,1,3,1,0,2,1,0,0,0,6,4,0,1,0,0,0,7,0,0,0,0,0,0,1,0,5,2,1,0,0,40,6,1,0,0,2,0,0,0,0,1,0,0,1,0,0
udhr,5,100,merged-average,true,sl,0,2,0,0,0,1,3,0,0,0,0,0,2,0,1,3,0,0,0,20,0,3,7,0,0,0,0,0,0,0,0,0,0,1,0,3,7,3,0,0,8,28,1,1,0,1,0,0,0,3,2,0,0,0,0,0
udhr,5,100,merged-average,true,so,0,0,0,0,0,1,0,1,0,0,1,2,2,0,0,0,0,0,0,1,0,6,2,0,0,0,0,1,0,0,0,0,3,0,0,0,1,1,0,0,0,0,68,0,1,4,0,0,0,5,0,0,0,0,0,0
udhr,5,100,merged-average,true,sq,1,3,0,0,0,0,0,1,1,0,2,2,2,0,0,1,0,0,0,7,0,0,0,0,0,0,0,0,0,0,0,0,1,2,0,1,1,1,0,0,0,3,0,64,0,1,0,0,0,4,2,0,0,0,0,0
udhr,5,100,merged-average,true,sv,0,0,0,0,0,4,0,9,4,0,2,0,4,0,3,0,0,0,0,2,3,2,4,0,0,0,0,2,0,0,0,0,2,7,0,1,1,1,0,0,2,3,3,2,30,2,0,0,0,5,0,0,0,2,0,0
udhr,5,100,merged-average,true,sw,0,0,0,0,0,1,0,0,1,0,4,0,2,0,1,0,0,0,0,3,0,7,2,0,0,0,3,1,0,0,0,0,3,1,0,0,1,5,0,0,1,0,10,2,0,40,0,0,0,10,1,0,0,0,0,1
udhr,5,100,merged-average,true,ta,0,0,0,0,0,0,0,0,0,0,0,0,0,0,0,0,0,0,0,0,0,0,0,0,0,0,0,0,0,0,0,0,0,0,0,0,0,0,0,0,0,0,0,0,0,0,100,0,0,0,0,0,0,0,0,0
udhr,5,100,merged-average,true,te,0,0,0,0,0,0,0,0,0,0,0,0,0,0,0,0,0,0,0,0,0,0,0,0,0,0,0,0,0,0,0,0,0,0,0,0,0,0,0,0,0,0,0,0,0,0,0,100,0,0,0,0,0,0,0,0
udhr,5,100,merged-average,true,th,0,0,0,0,0,0,0,0,0,0,0,0,0,0,0,0,0,0,0,0,0,0,0,0,0,0,0,0,0,0,0,0,0,0,0,0,0,0,0,0,0,0,0,0,0,0,0,0,100,0,0,0,0,0,0,0
udhr,5,100,merged-average,true,tl,0,0,0,0,0,0,0,0,0,0,1,0,1,0,2,0,0,0,0,3,0,6,3,0,0,0,3,0,0,0,0,0,0,0,0,0,0,1,0,0,0,0,7,0,0,4,0,0,0,68,0,0,0,1,0,0
udhr,5,100,merged-average,true,tr,0,2,0,0,0,1,0,1,1,0,1,2,0,0,2,1,0,0,0,2,5,3,2,0,0,0,2,1,0,0,0,0,1,2,0,0,1,3,0,0,0,2,8,2,0,2,0,0,0,5,47,0,0,1,0,0
udhr,5,100,merged-average,true,uk,0,0,0,9,0,0,0,0,0,0,0,0,0,0,0,0,0,0,0,0,0,0,0,0,0,0,0,0,17,0,0,0,0,0,0,0,0,0,12,0,0,0,0,0,0,0,0,0,0,0,0,62,0,0,0,0
udhr,5,100,merged-average,true,ur,0,0,15,0,0,0,0,0,0,0,0,0,0,21,0,0,0,0,0,0,0,0,0,0,0,0,0,0,0,0,0,0,0,0,0,0,0,0,0,0,0,0,0,0,0,0,0,0,0,0,0,0,64,0,0,0
udhr,5,100,merged-average,true,vi,0,0,0,0,0,2,1,0,0,0,0,0,0,0,1,2,0,0,0,1,0,1,0,0,0,0,0,0,0,0,0,0,0,0,0,0,0,1,0,0,0,0,0,0,0,1,0,0,0,1,0,0,0,89,0,0
udhr,5,100,merged-average,true,zh-cn,0,0,0,0,0,0,0,0,0,0,0,0,0,0,0,0,0,0,0,0,1,0,0,0,0,0,0,0,0,0,0,0,0,0,0,0,0,0,0,0,0,0,0,0,0,0,0,0,0,0,0,0,0,0,99,0
udhr,5,100,merged-average,true,zh-tw,0,0,0,0,0,0,0,0,0,0,0,0,0,0,0,0,0,0,0,0,0,0,0,0,0,0,0,0,0,0,0,0,0,0,0,0,0,0,0,0,0,0,0,0,0,0,0,0,0,0,0,0,0,0,31,69
udhr,10,100,merged-average,true,af,0,60,0,0,0,0,0,3,2,0,3,0,3,0,1,1,0,0,0,1,0,1,2,0,0,0,0,0,0,0,0,0,11,6,0,0,2,1,0,0,0,0,1,1,0,0,0,0,0,1,0,0,0,0,0,0
udhr,10,100,merged-average,true,ar,0,0,98,0,0,0,0,0,0,0,0,0,0,2,0,0,0,0,0,0,0,0,0,0,0,0,0,0,0,0,0,0,0,0,0,0,0,0,0,0,0,0,0,0,0,0,0,0,0,0,0,0,0,0,0,0
udhr,10,100,merged-average,true,bg,0,0,0,58,0,0,0,0,0,0,0,0,0,0,0,0,0,0,0,0,0,0,0,0,0,0,0,0,27,0,0,0,0,0,0,0,0,0,14,0,0,0,0,0,0,0,0,0,0,0,0,1,0,0,0,0
udhr,10,100,merged-average,true,bn,0,0,0,0,100,0,0,0,0,0,0,0,0,0,0,0,0,0,0,0,0,0,0,0,0,0,0,0,0,0,0,0,0,0,0,0,0,0,0,0,0,0,0,0,0,0,0,0,0,0,0,0,0,0,0,0
udhr,10,100,merged-average,true,ca,0,0,0,0,0,45,0,0,0,0,4,16,0,0,0,13,0,0,0,2,0,0,9,0,0,0,1,0,0,0,0,0,0,0,0,0,4,3,0,0,0,2,0,0,0,0,0,0,0,1,0,0,0,0,0,0
udhr,10,100,merged-average,true,cs,0,0,0,0,0,0,64,0,0,0,0,0,0,0,0,0,0,0,0,6,4,0,1,0,0,0,0,0,0,0,0,0,0,1,0,1,0,0,0,0,20,1,0,1,0,0,0,0,0,0,0,0,0,1,0,0
udhr,10,100,merged-average,true,da,0,1,0,0,0,2,0,58,2,0,3,1,1,0,0,0,0,0,0,1,0,1,2,0,0,0,0,0,0,0,0,0,1,22,0,0,1,2,0,0,0,1,0,0,1,0,0,0,0,0,0,0,0,0,0,0
udhr,10,100,merged-average,true,de,0,2,0,0,0,1,0,8,72,0,2,1,1,0,0,0,0,0,0,0,0,2,0,0,0,0,0,0,0,0,0,0,5,1,0,0,0,1,0,0,0,0,0,0,3,0,0,0,0,1,0,0,0,0,0,0
udhr,10,100,merged-average,true,el,0,0,0,0,0,0,0,0,0,100,0,0,0,0,0,0,0,0,0,0,0,0,0,0,0,0,0,0,0,0,0,0,0,0,0,0,0,0,0,0,0,0,0,0,0,0,0,0,0,0,0,0,0,0,0,0
udhr,10,100,merged-average,true,en,0,2,0,0,0,2,0,5,1,0,65,3,0,0,0,1,0,0,0,0,0,1,5,0,0,0,0,0,0,0,0,0,0,1,0,1,2,6,0,0,1,0,0,0,1,0,0,0,0,3,0,0,0,0,0,0
udhr,10,100,merged-average,true,es,0,4,0,0,0,2,0,0,2,0,0,50,2,0,1,1,0,0,0,0,1,0,7,0,0,0,1,0,0,0,0,0,1,2,0,0,15,4,0,0,1,1,1,1,0,1,0,0,0,2,0,0,0,0,0,0
udhr,10,100,merged-average,true,et,0,0,0,0,0,0,0,1,0,0,0,0,79,0,4,4,0,0,0,1,0,2,0,0,0,0,1,0,0,0,0,0,1,1,0,0,0,0,0,0,0,1,0,1,0,1,0,0,0,2,1,0,0,0,0,0
udhr,10,100,merged-average,true,fa,0,0,17,0,0,0,0,0,0,0,0,0,0,77,0,0,0,0,0,0,0,0,0,0,0,0,0,0,0,0,0,0,0,0,0,0,0,0,0,0,0,0,0,0,0,0,0,0,0,0,0,0,6,0,0,0
udhr,10,100,merged-average,true,fi,0,0,0,0,0,0,1,0,0,0,0,1,3,0,84,0,0,0,0,1,0,2,1,0,0,0,2,0,0,0,0,0,0,0,0,0,0,0,0,0,0,0,0,1,1,1,0,0,0,0,1,0,0,0,0,1
udhr,10,100,merged-average,true,fr,0,2,0,0,0,5,0,7,0,0,1,2,0,0,0,75,0,0,0,0,0,0,5,0,0,0,0,0,0,0,0,0,0,0,0,0,0,2,0,0,1,0,0,0,0,0,0,0,0,0,0,0,0,0,0,0
udhr,10,100,merged-average,true,gu,0,0,0,0,0,0,0,0,0,0,0,0,0,0,0,0,100,0,0,0,0,0,0,0,0,0,0,0,0,0,0,0,0,0,0,0,0,0,0,0,0,0,0,0,0,0,0,0,0,0,0,0,0,0,0,0
udhr,10,100,merged-average,true,he,0,0,0,0,0,0,0,0,0,0,0,0,0,0,0,0,0,100,0,0,0,0,0,0,0,0,0,0,0,0,0,0,0,0,0,0,0,0,0,0,0,0,0,0,0,0,0,0,0,0,0,0,0,0,0,0
udhr,10,100,merged-average,true,hi,0,0,0,0,0,0,0,0,0,0,0,0,0,0,0,0,0,0,68,0,0,0,0,0,0,0,0,0,0,0,12,20,0,0,0,0,0,0,0,0,0,0,0,0,0,0,0,0,0,0,0,0,0,0,0,0
udhr,10,100,merged-average,true,hr,0,0,0,0,0,0,1,0,0,0,0,0,1,0,1,0,0,0,0,77,0,1,1,0,0,0,2,0,0,0,0,0,0,0,0,0,1,0,0,0,2,12,0,0,0,1,0,0,0,0,0,0,0,0,0,0
udhr,10,100,merged-average,true,hu,0,1,0,0,0,1,0,4,2,0,0,0,1,0,4,0,0,0,0,1,78,0,0,0,0,0,0,0,0,0,0,0,0,2,0,1,1,1,0,0,0,1,1,0,0,0,0,0,0,0,1,0,0,0,0,0
udhr,10,100,merged-average,true,id,0,1,0,0,0,0,0,0,0,0,0,2,1,0,1,0,0,0,0,0,0,71,1,0,0,0,0,0,0,0,0,0,0,1,0,0,2,0,0,0,0,0,5,1,0,3,0,0,0,8,3,0,0,0,0,0
udhr,10,100,merged-average,true,it,0,1,0,0,0,0,0,0,0,0,0,5,0,0,0,4,0,0,0,2,1,1,77,0,0,0,1,0,0,0,0,0,2,0,0,0,2,2,0,0,0,0,0,1,0,1,0,0,0,0,0,0,0,0,0,0
udhr,10,100,merged-average,true,ja,0,0,0,0,0,0,0,0,0,0,0,0,0,0,0,0,0,0,0,0,0,0,0,96,0,0,0,0,0,0,0,0,0,0,0,0,0,0,0,0,0,0,0,0,0,0,0,0,0,0,0,0,0,0,2,2
udhr,10,100,merged-average,true,kn,0,0,0,0,0,0,0,0,0,0,0,0,0,0,0,0,0,0,0,0,0,0,0,0,100,0,0,0,0,0,0,0,0,0,0,0,0,0,0,0,0,0,0,0,0,0,0,0,0,0,0,0,0,0,0,0
udhr,10,100,merged-average,true,ko,0,0,0,0,0,0,0,0,0,0,0,0,0,0,0,0,0,0,0,0,0,0,0,0,0,100,0,0,0,0,0,0,0,0,0,0,0,0,0,0,0,0,0,0,0,0,0,0,0,0,0,0,0,0,0,0
udhr,10,100,merged-average,true,lt,0,3,0,0,0,0,0,2,0,0,0,0,3,0,1,0,0,0,0,3,0,0,1,0,0,0,72,8,0,0,0,0,0,1,0,0,1,1,0,0,0,1,1,0,0,0,0,0,0,2,0,0,0,0,0,0
udhr,10,100,merged-average,true,lv,0,0,0,0,0,0,0,0,1,0,0,2,1,0,0,0,0,0,0,0,0,2,1,0,0,0,1,87,0,0,0,0,3,0,0,0,0,0,0,0,0,1,0,1,0,0,0,0,0,0,0,0,0,0,0,0
udhr,10,100,merged-average,true,mk,0,0,0,13,0,0,0,0,0,0,0,0,0,0,0,0,0,0,0,0,0,0,0,0,0,0,0,0,86,0,0,0,0,0,0,0,0,0,1,0,0,0,0,0,0,0,0,0,0,0,0,0,0,0,0,0
udhr,10,100,merged-average,true,ml,0,0,0,0,0,0,0,0,0,0,0,0,0,0,0,0,0,0,0,0,0,0,0,0,0,0,0,0,0,100,0,0,0,0,0,0,0,0,0,0,0,0,0,0,0,0,0,0,0,0,0,0,0,0,0,0
udhr,10,100,merged-average,true,mr,0,0,0,0,0,0,0,0,0,0,0,0,0,0,0,0,0,0,7,0,0,0,0,0,0,0,0,0,0,0,79,14,0,0,0,0,0,0,0,0,0,0,0,0,0,0,0,0,0,0,0,0,0,0,0,0
udhr,10,100,merged-average,true,ne,0,0,0,0,0,0,0,0,0,0,0,0,0,0,0,0,0,0,12,0,0,0,0,0,0,0,0,0,0,0,12,76,0,0,0,0,0,0,0,0,0,0,0,0,0,0,0,0,0,0,0,0,0,0,0,0
udhr,10,100,merged-average,true,nl,0,15,0,0,0,0,0,9,6,0,1,0,1,0,0,0,0,0,0,0,0,1,1,0,0,0,0,1,0,0,0,0,63,1,0,0,0,0,0,0,0,0,0,0,1,0,0,0,0,0,0,0,0,0,0,0
udhr,10,100,merged-average,true,no,0,3,0,0,0,1,0,28,0,0,1,0,3,0,0,2,0,0,0,0,0,0,2,0,0,0,0,1,0,0,0,0,0,47,0,0,0,1,0,0,0,0,1,1,9,0,0,0,0,0,0,0,0,0,0,0
udhr,10,100,merged-average,true,pa,0,0,0,0,0,0,0,0,0,0,0,0,0,0,0,0,0,0,0,0,0,0,0,0,0,0,0,0,0,0,0,0,0,0,100,0,0,0,0,0,0,0,0,0,0,0,0,0,0,0,0,0,0,0,0,0
udhr,10,100,merged-average,true,pl,0,0,0,0,0,0,0,0,0,0,1,0,1,0,0,0,0,0,0,2,0,0,0,0,0,0,1,0,0,0,0,0,0,1,0,91,0,0,0,0,0,0,0,0,0,2,0,0,0,0,1,0,0,0,0,0
udhr,10,100,merged-average,true,pt,0,0,0,0,0,2,1,0,0,0,0,9,0,0,1,4,0,0,0,0,1,1,8,0,0,0,1,0,0,0,0,0,0,2,0,0,62,6,0,0,0,0,0,1,0,1,0,0,0,0,0,0,0,0,0,0
udhr,10,100,merged-average,true,ro,0,0,0,0,0,3,0,1,0,0,0,2,0,0,0,1,0,0,0,1,0,0,9,0,0,0,0,0,0,0,0,0,1,0,0,0,3,78,0,0,0,0,0,1,0,0,0,0,0,0,0,0,0,0,0,0
udhr,10,100,merged-average,true,ru,0,0,0,9,0,0,0,0,0,0,0,0,0,0,0,0,0,0,0,0,0,0,0,0,0,0,0,0,11,0,0,0,0,0,0,0,0,0,76,0,0,0,0,0,0,0,0,0,0,0,0,4,0,0,0,0
udhr,10,100,merged-average,true,si,0,0,0,0,0,0,0,0,0,0,0,0,0,0,0,0,0,0,0,0,0,0,0,0,0,0,0,0,0,0,0,0,0,0,0,0,0,0,0,100,0,0,0,0,0,0,0,0,0,0,0,0,0,0,0,0
udhr,10,100,merged-average,true,sk,0,1,0,0,0,0,15,0,0,0,0,0,0,0,0,0,0,0,0,2,2,0,0,0,0,0,1,2,0,0,0,0,0,0,0,3,0,1,0,0,68,4,0,0,0,1,0,0,0,0,0,0,0,0,0,0
udhr,10,100,merged-average,true,sl,0,0,0,0,0,0,1,2,0,0,0,0,0,0,0,0,0,0,0,22,0,0,3,0,0,0,2,0,0,0,0,0,2,1,0,0,2,6,0,0,5,53,1,0,0,0,0,0,0,0,0,0,0,0,0,0
udhr,10,100,merged-average,true,so,0,0,0,0,0,0,0,0,0,0,2,0,0,0,2,0,0,0,0,1,0,2,0,0,0,0,1,0,0,0,0,0,1,0,0,0,2,1,0,0,0,0,84,0,0,1,0,0,0,3,0,0,0,0,0,0
udhr,10,100,merged-average,true,sq,0,0,0,0,0,0,0,0,0,0,1,0,2,0,0,0,0,0,0,4,0,0,3,0,0,0,0,0,0,0,0,0,1,0,0,0,0,0,0,0,0,2,0,84,0,1,0,0,0,1,1,0,0,0,0,0
udhr,10,100,merged-average,true,sv,0,2,0,0,0,4,0,8,2,0,1,1,0,0,2,0,0,0,0,0,1,0,2,0,0,0,0,0,0,0,0,0,1,12,0,0,0,0,0,0,2,3,0,1,58,0,0,0,0,0,0,0,0,0,0,0
udhr,10,100,merged-average,true,sw,0,2,0,0,0,0,0,0,0,0,3,0,1,0,1,0,0,0,0,2,0,8,0,0,0,0,2,0,0,0,0,0,1,0,0,1,0,0,0,0,0,0,8,2,0,64,0,0,0,5,0,0,0,0,0,0
udhr,10,100,merged-average,true,ta,0,0,0,0,0,0,0,0,0,0,0,0,0,0,0,0,0,0,0,0,0,0,0,0,0,0,0,0,0,0,0,0,0,0,0,0,0,0,0,0,0,0,0,0,0,0,100,0,0,0,0,0,0,0,0,0
udhr,10,100,merged-average,true,te,0,0,0,0,0,0,0,0,0,0,0,0,0,0,0,0,0,0,0,0,0,0,0,0,0,0,0,0,0,0,0,0,0,0,0,0,0,0,0,0,0,0,0,0,0,0,0,100,0,0,0,0,0,0,0,0
udhr,10,100,merged-average,true,th,0,0,0,0,0,0,0,0,0,0,0,0,0,0,0,0,0,0,0,0,0,0,0,0,0,0,0,0,0,0,0,0,0,0,0,0,0,0,0,0,0,0,0,0,0,0,0,0,100,0,0,0,0,0,0,0
udhr,10,100,merged-average,true,tl,0,0,0,0,0,0,0,0,0,0,2,0,0,0,0,0,0,0,0,0,0,5,0,0,0,0,0,0,0,0,0,0,1,0,0,0,0,1,0,0,0,0,3,1,0,2,0,0,0,85,0,0,0,0,0,0
udhr,10,100,merged-average,true,tr,0,0,0,0,0,0,0,3,1,0,1,0,2,0,1,0,0,0,0,0,1,3,1,0,0,0,0,0,0,0,0,0,3,2,0,0,0,1,0,0,0,0,2,0,3,1,0,0,0,2,73,0,0,0,0,0
udhr,10,100,merged-average,true,uk,0,0,0,10,0,0,0,0,0,0,0,0,0,0,0,0,0,0,0,0,0,0,0,0,0,0,0,0,7,0,0,0,0,0,0,0,0,0,12,0,0,0,0,0,0,0,0,0,0,0,0,71,0,0,0,0
udhr,10,100,merged-average,true,ur,0,0,4,0,0,0,0,0,0,0,0,0,0,10,0,0,0,0,0,0,0,0,0,0,0,0,0,0,0,0,0,0,0,0,0,0,0,0,0,0,0,0,0,0,0,0,0,0,0,0,0,0,86,0,0,0
udhr,10,100,merged-average,true,vi,0,0,0,0,0,0,0,0,0,0,0,0,0,0,0,0,0,0,0,0,0,0,0,0,0,0,0,0,0,0,0,0,0,0,0,0,0,0,0,0,0,0,0,0,0,0,0,0,0,0,0,0,0,100,0,0
udhr,10,100,merged-average,true,zh-cn,0,0,0,0,0,0,0,0,0,0,0,0,0,0,0,0,0,0,0,0,0,0,0,0,0,0,0,0,0,0,0,0,0,0,0,0,0,0,0,0,0,0,0,0,0,0,0,0,0,0,0,0,0,0,100,0
udhr,10,100,merged-average,true,zh-tw,0,0,0,0,0,0,0,0,0,0,1,0,0,0,0,0,0,0,0,0,0,0,0,0,0,0,0,0,0,0,0,0,0,0,0,0,0,0,0,0,0,0,0,0,0,0,0,0,0,0,0,0,0,0,11,88
udhr,20,100,merged-average,true,af,0,77,0,0,0,0,0,5,1,0,1,0,2,0,0,0,0,0,0,0,0,0,0,0,0,0,0,0,0,0,0,0,10,4,0,0,0,0,0,0,0,0,0,0,0,0,0,0,0,0,0,0,0,0,0,0
udhr,20,100,merged-average,true,ar,0,0,99,0,0,0,0,0,0,0,0,0,0,1,0,0,0,0,0,0,0,0,0,0,0,0,0,0,0,0,0,0,0,0,0,0,0,0,0,0,0,0,0,0,0,0,0,0,0,0,0,0,0,0,0,0
udhr,20,100,merged-average,true,bg,0,0,0,84,0,0,0,0,0,0,0,0,0,0,0,0,0,0,0,0,0,0,0,0,0,0,0,0,9,0,0,0,0,0,0,0,0,0,7,0,0,0,0,0,0,0,0,0,0,0,0,0,0,0,0,0
udhr,20,100,merged-average,true,bn,0,0,0,0,100,0,0,0,0,0,0,0,0,0,0,0,0,0,0,0,0,0,0,0,0,0,0,0,0,0,0,0,0,0,0,0,0,0,0,0,0,0,0,0,0,0,0,0,0,0,0,0,0,0,0,0
udhr,20,100,merged-average,true,ca,0,0,0,0,0,73,0,1,0,0,0,7,0,0,0,8,0,0,0,0,0,0,6,0,0,0,0,0,0,0,0,0,0,0,0,0,3,2,0,0,0,0,0,0,0,0,0,0,0,0,0,0,0,0,0,0
udhr,20,100,merged-average,true,cs,0,0,0,0,0,0,86,0,0,0,0,0,0,0,0,0,0,0,0,3,0,0,0,0,0,0,0,0,0,0,0,0,0,0,0,0,0,0,0,0,10,1,0,0,0,0,0,0,0,0,0,0,0,0,0,0
udhr,20,100,merged-average,true,da,0,2,0,0,0,0,0,77,0,0,1,0,0,0,0,0,0,0,0,0,0,0,1,0,0,0,0,0,0,0,0,0,0,17,0,0,1,0,0,0,0,0,0,0,1,0,0,0,0,0,0,0,0,0,0,0
udhr,20,100,merged-average,true,de,0,4,0,0,0,0,0,2,89,0,0,0,0,0,0,0,0,0,0,0,0,0,0,0,0,0,0,0,0,0,0,0,4,1,0,0,0,0,0,0,0,0,0,0,0,0,0,0,0,0,0,0,0,0,0,0
udhr,20,100,merged-average,true,el,0,0,0,0,0,0,0,0,0,100,0,0,0,0,0,0,0,0,0,0,0,0,0,0,0,0,0,0,0,0,0,0,0,0,0,0,0,0,0,0,0,0,0,0,0,0,0,0,0,0,0,0,0,0,0,0
udhr,20,100,merged-average,true,en,0,0,0,0,0,4,0,0,1,0,85,1,0,0,0,3,0,0,0,0,0,0,1,0,0,0,0,0,0,0,0,0,1,0,0,0,1,1,0,0,0,0,0,1,1,0,0,0,0,0,0,0,0,0,0,0
udhr,20,100,merged-average,true,es,0,0,0,0,0,0,0,0,1,0,0,91,0,0,0,1,0,0,0,0,0,0,2,0,0,0,0,0,0,0,0,0,0,0,0,0,2,0,0,0,2,0,0,0,1,0,0,0,0,0,0,0,0,0,0,0
udhr,20,100,merged-average,true,et,0,1,0,0,0,0,0,0,0,0,0,0,97,0,1,0,0,0,0,0,0,1,0,0,0,0,0,0,0,0,0,0,0,0,0,0,0,0,0,0,0,0,0,0,0,0,0,0,0,0,0,0,0,0,0,0
udhr,20,100,merged-average,true,fa,0,0,7,0,0,0,0,0,0,0,0,0,0,88,0,0,0,0,0,0,0,0,0,0,0,0,0,0,0,0,0,0,0,0,0,0,0,0,0,0,0,0,0,0,0,0,0,0,0,0,0,0,5,0,0,0
udhr,20,100,merged-average,true,fi,0,0,0,0,0,0,0,0,2,0,2,0,1,0,92,0,0,0,0,0,0,0,0,0,0,0,2,0,0,0,0,0,0,0,0,0,0,0,0,0,0,0,0,0,1,0,0,0,0,0,0,0,0,0,0,0
udhr,20,100,merged-average,true,fr,0,0,0,0,0,0,0,0,0,0,1,1,0,0,0,93,0,0,0,0,0,1,2,0,0,0,0,0,0,0,0,0,1,0,0,0,0,1,0,0,0,0,0,0,0,0,0,0,0,0,0,0,0,0,0,0
udhr,20,100,merged-average,true,gu,0,0,0,0,0,0,0,0,0,0,0,0,0,0,0,0,100,0,0,0,0,0,0,0,0,0,0,0,0,0,0,0,0,0,0,0,0,0,0,0,0,0,0,0,0,0,0,0,0,0,0,0,0,0,0,0
udhr,20,100,merged-average,true,he,0,0,0,0,0,0,0,0,0,0,0,0,0,0,0,0,0,100,0,0,0,0,0,0,0,0,0,0,0,0,0,0,0,0,0,0,0,0,0,0,0,0,0,0,0,0,0,0,0,0,0,0,0,0,0,0
udhr,20,100,merged-average,true,hi,0,0,0,0,0,0,0,0,0,0,0,0,0,0,0,0,0,0,80,0,0,0,0,0,0,0,0,0,0,0,7,13,0,0,0,0,0,0,0,0,0,0,0,0,0,0,0,0,0,0,0,0,0,0,0,0
udhr,20,100,merged-average,true,hr,0,0,0,0,0,0,0,0,0,0,0,0,0,0,0,0,0,0,0,92,0,0,0,0,0,0,0,0,0,0,0,0,0,0,0,0,0,0,0,0,1,7,0,0,0,0,0,0,0,0,0,0,0,0,0,0
udhr,20,100,merged-average,true,hu,0,0,0,0,0,0,0,1,0,0,0,0,0,0,0,0,0,0,0,0,97,0,0,0,0,0,0,0,0,0,0,0,0,0,0,0,0,0,0,0,0,0,0,0,0,0,0,0,0,0,2,0,0,0,0,0
udhr,20,100,merged-average,true,id,0,0,0,0,0,0,0,0,0,0,0,1,0,0,0,0,0,0,0,0,0,94,0,0,0,0,0,0,0,0,0,0,0,0,0,0,0,0,0,0,0,0,0,0,0,1,0,0,0,4,0,0,0,0,0,0
udhr,20,100,merged-average,true,it,0,0,0,0,0,0,0,0,0,0,1,0,0,0,0,1,0,0,0,0,0,0,98,0,0,0,0,0,0,0,0,0,0,0,0,0,0,0,0,0,0,0,0,0,0,0,0,0,0,0,0,0,0,0,0,0
udhr,20,100,merged-average,true,ja,0,0,0,0,0,0,0,0,0,0,0,0,0,0,0,0,0,0,0,0,0,0,0,100,0,0,0,0,0,0,0,0,0,0,0,0,0,0,0,0,0,0,0,0,0,0,0,0,0,0,0,0,0,0,0,0
udhr,20,100,merged-average,true,kn,0,0,0,0,0,0,0,0,0,0,0,0,0,0,0,0,0,0,0,0,0,0,0,0,100,0,0,0,0,0,0,0,0,0,0,0,0,0,0,0,0,0,0,0,0,0,0,0,0,0,0,0,0,0,0,0
udhr,20,100,merged-average,true,ko,0,0,0,0,0,0,0,0,0,0,0,0,0,0,0,0,0,0,0,0,0,0,0,0,0,100,0,0,0,0,0,0,0,0,0,0,0,0,0,0,0,0,0,0,0,0,0,0,0,0,0,0,0,0,0,0
udhr,20,100,merged-average,true,lt,0,0,0,0,0,0,0,0,0,0,0,0,0,0,1,0,0,0,0,1,0,1,0,0,0,0,94,2,0,0,0,0,0,0,0,0,0,1,0,0,0,0,0,0,0,0,0,0,0,0,0,0,0,0,0,0
udhr,20,100,merged-average,true,lv,0,0,0,0,0,0,0,0,0,0,0,0,0,0,0,0,0,0,0,0,0,0,0,0,0,0,0,98,0,0,0,0,0,0,0,0,0,1,0,0,0,0,1,0,0,0,0,0,0,0,0,0,0,0,0,0
udhr,20,100,merged-average,true,mk,0,0,0,6,0,0,0,0,0,0,0,0,0,0,0,0,0,0,0,0,0,0,0,0,0,0,0,0,94,0,0,0,0,0,0,0,0,0,0,0,0,0,0,0,0,0,0,0,0,0,0,0,0,0,0,0
udhr,20,100,merged-average,true,ml,0,0,0,0,0,0,0,0,0,0,0,0,0,0,0,0,0,0,0,0,0,0,0,0,0,0,0,0,0,100,0,0,0,0,0,0,0,0,0,0,0,0,0,0,0,0,0,0,0,0,0,0,0,0,0,0
udhr,20,100,merged-average,true,mr,0,0,0,0,0,0,0,0,0,0,0,0,0,0,0,0,0,0,3,0,0,0,0,0,0,0,0,0,0,0,90,7,0,0,0,0,0,0,0,0,0,0,0,0,0,0,0,0,0,0,0,0,0,0,0,0
udhr,20,100,merged-average,true,ne,0,0,0,0,0,0,0,0,0,0,0,0,0,0,0,0,0,0,5,0,0,0,0,0,0,0,0,0,0,0,4,91,0,0,0,0,0,0,0,0,0,0,0,0,0,0,0,0,0,0,0,0,0,0,0,0
udhr,20,100,merged-average,true,nl,0,18,0,0,0,0,0,1,1,0,1,0,0,0,0,0,0,0,0,0,0,0,0,0,0,0,0,0,0,0,0,0,78,1,0,0,0,0,0,0,0,0,0,0,0,0,0,0,0,0,0,0,0,0,0,0
udhr,20,100,merged-average,true,no,0,0,0,0,0,0,0,16,2,0,0,0,0,0,0,0,0,0,0,0,0,0,0,0,0,0,0,0,0,0,0,0,0,78,0,0,1,0,0,0,0,0,0,0,2,0,0,0,0,1,0,0,0,0,0,0
udhr,20,100,merged-average,true,pa,0,0,0,0,0,0,0,0,0,0,0,0,0,0,0,0,0,0,0,0,0,0,0,0,0,0,0,0,0,0,0,0,0,0,100,0,0,0,0,0,0,0,0,0,0,0,0,0,0,0,0,0,0,0,0,0
udhr,20,100,merged-average,true,pl,0,0,0,0,0,0,0,0,1,0,0,0,0,0,0,0,0,0,0,0,0,0,0,0,0,0,0,0,0,0,0,0,1,0,0,98,0,0,0,0,0,0,0,0,0,0,0,0,0,0,0,0,0,0,0,0
udhr,20,100,merged-average,true,pt,0,0,0,0,0,2,0,1,0,0,0,13,0,0,0,2,0,0,0,0,0,0,4,0,0,0,0,0,0,0,0,0,0,0,0,0,76,1,0,0,1,0,0,0,0,0,0,0,0,0,0,0,0,0,0,0
udhr,20,100,merged-average,true,ro,0,0,0,0,0,0,0,0,0,0,0,2,0,0,0,0,0,0,0,0,0,0,4,0,0,0,0,0,0,0,0,0,0,0,0,0,0,94,0,0,0,0,0,0,0,0,0,0,0,0,0,0,0,0,0,0
udhr,20,100,merged-average,true,ru,0,0,0,11,0,0,0,0,0,0,0,0,0,0,0,0,0,0,0,0,0,0,0,0,0,0,0,0,8,0,0,0,0,0,0,0,0,0,80,0,0,0,0,0,0,0,0,0,0,0,0,1,0,0,0,0
udhr,20,100,merged-average,true,si,0,0,0,0,0,0,0,0,0,0,0,0,0,0,0,0,0,0,0,0,0,0,0,0,0,0,0,0,0,0,0,0,0,0,0,0,0,0,0,100,0,0,0,0,0,0,0,0,0,0,0,0,0,0,0,0
udhr,20,100,merged-average,true,sk,0,0,0,0,0,0,13,0,0,0,0,0,0,0,0,0,0,0,0,2,0,0,0,0,0,0,0,0,0,0,0,0,0,0,0,0,0,0,0,0,85,0,0,0,0,0,0,0,0,0,0,0,0,0,0,0
udhr,20,100,merged-average,true,sl,0,0,0,0,0,0,3,0,0,0,0,0,1,0,0,0,0,0,0,23,0,0,1,0,0,0,0,0,0,0,0,0,0,0,0,0,0,0,0,0,1,71,0,0,0,0,0,0,0,0,0,0,0,0,0,0
udhr,20,100,merged-average,true,so,0,0,0,0,0,0,0,0,0,0,1,0,0,0,0,0,0,0,0,0,0,0,0,0,0,0,0,0,0,0,0,0,1,0,0,0,0,0,0,0,0,0,97,0,1,0,0,0,0,0,0,0,0,0,0,0
udhr,20,100,merged-average,true,sq,0,0,0,0,0,0,0,0,0,0,3,0,0,0,0,0,0,0,0,0,0,0,0,0,0,0,0,0,0,0,0,0,0,0,0,0,0,0,0,0,0,0,0,96,0,0,0,0,0,0,1,0,0,0,0,0
udhr,20,100,merged-average,true,sv,0,1,0,0,0,0,0,9,1,0,0,0,3,0,2,0,0,0,0,0,0,0,4,0,0,0,0,0,0,0,0,0,0,7,0,0,0,0,0,0,0,0,0,0,73,0,0,0,0,0,0,0,0,0,0,0
udhr,20,100,merged-average,true,sw,0,0,0,0,0,0,0,0,0,0,1,1,0,0,0,0,0,0,0,1,0,3,0,0,0,0,0,0,0,0,0,0,0,0,0,0,0,0,0,0,0,0,1,0,0,93,0,0,0,0,0,0,0,0,0,0
udhr,20,100,merged-average,true,ta,0,0,0,0,0,0,0,0,0,0,0,0,0,0,0,0,0,0,0,0,0,0,0,0,0,0,0,0,0,0,0,0,0,0,0,0,0,0,0,0,0,0,0,0,0,0,100,0,0,0,0,0,0,0,0,0
udhr,20,100,merged-average,true,te,0,0,0,0,0,0,0,0,0,0,0,0,0,0,0,0,0,0,0,0,0,0,0,0,0,0,0,0,0,0,0,0,0,0,0,0,0,0,0,0,0,0,0,0,0,0,0,100,0,0,0,0,0,0,0,0
udhr,20,100,merged-average,true,th,0,0,0,0,0,0,0,0,0,0,0,0,0,0,0,0,0,0,0,0,0,0,0,0,0,0,0,0,0,0,0,0,0,0,0,0,0,0,0,0,0,0,0,0,0,0,0,0,100,0,0,0,0,0,0,0
udhr,20,100,merged-average,true,tl,0,0,0,0,0,0,0,0,0,0,0,0,0,0,0,0,0,0,0,0,0,4,2,0,0,0,0,0,0,0,0,0,0,0,0,0,0,0,0,0,0,0,0,0,0,0,0,0,0,94,0,0,0,0,0,0
udhr,20,100,merged-average,true,tr,0,0,0,0,0,0,0,0,0,0,0,0,0,0,0,0,0,0,0,0,0,1,1,0,0,0,0,0,0,0,0,0,1,1,0,0,0,0,0,0,0,0,0,0,0,0,0,0,0,1,95,0,0,0,0,0
udhr,20,100,merged-average,true,uk,0,0,0,1,0,0,0,0,0,0,0,0,0,0,0,0,0,0,0,0,0,0,0,0,0,0,0,0,2,0,0,0,0,0,0,0,0,0,4,0,0,0,0,0,0,0,0,0,0,0,0,93,0,0,0,0
udhr,20,100,merged-average,true,ur,0,0,2,0,0,0,0,0,0,0,0,0,0,0,0,0,0,0,0,0,0,0,0,0,0,0,0,0,0,0,0,0,0,0,0,0,0,0,0,0,0,0,0,0,0,0,0,0,0,0,0,0,98,0,0,0
udhr,20,100,merged-average,true,vi,0,0,0,0,0,0,0,0,0,0,0,0,0,0,0,0,0,0,0,0,0,0,0,0,0,0,0,0,0,0,0,0,0,0,0,0,0,0,0,0,0,0,0,0,0,0,0,0,0,0,0,0,0,100,0,0
udhr,20,100,merged-average,true,zh-cn,0,0,0,0,0,0,0,0,0,0,0,0,0,0,0,0,0,0,0,0,0,0,0,0,0,0,0,0,0,0,0,0,0,0,0,0,0,0,0,0,0,0,0,0,0,0,0,0,0,0,0,0,0,0,100,0
udhr,20,100,merged-average,true,zh-tw,0,0,0,0,0,0,0,0,0,0,0,0,0,0,0,0,0,0,0,0,0,0,0,0,0,0,0,0,0,0,0,0,0,0,0,0,0,0,0,0,0,0,0,0,0,0,0,0,0,0,0,0,0,0,2,98
udhr,50,100,merged-average,true,af,0,97,0,0,0,0,0,0,0,0,0,0,0,0,0,0,0,0,0,0,0,0,0,0,0,0,0,0,0,0,0,0,3,0,0,0,0,0,0,0,0,0,0,0,0,0,0,0,0,0,0,0,0,0,0,0
udhr,50,100,merged-average,true,ar,0,0,100,0,0,0,0,0,0,0,0,0,0,0,0,0,0,0,0,0,0,0,0,0,0,0,0,0,0,0,0,0,0,0,0,0,0,0,0,0,0,0,0,0,0,0,0,0,0,0,0,0,0,0,0,0
udhr,50,100,merged-average,true,bg,0,0,0,92,0,0,0,0,0,0,0,0,0,0,0,0,0,0,0,0,0,0,0,0,0,0,0,0,6,0,0,0,0,0,0,0,0,0,2,0,0,0,0,0,0,0,0,0,0,0,0,0,0,0,0,0
udhr,50,100,merged-average,true,bn,0,0,0,0,100,0,0,0,0,0,0,0,0,0,0,0,0,0,0,0,0,0,0,0,0,0,0,0,0,0,0,0,0,0,0,0,0,0,0,0,0,0,0,0,0,0,0,0,0,0,0,0,0,0,0,0
udhr,50,100,merged-average,true,ca,0,0,0,0,0,97,0,0,0,0,0,2,0,0,0,1,0,0,0,0,0,0,0,0,0,0,0,0,0,0,0,0,0,0,0,0,0,0,0,0,0,0,0,0,0,0,0,0,0,0,0,0,0,0,0,0
udhr,50,100,merged-average,true,cs,0,0,0,0,0,0,97,0,0,0,0,0,0,0,0,0,0,0,0,0,0,0,0,0,0,0,0,0,0,0,0,0,0,0,0,0,0,0,0,0,3,0,0,0,0,0,0,0,0,0,0,0,0,0,0,0
udhr,50,100,merged-average,true,da,0,0,0,0,0,0,0,91,2,0,0,0,0,0,0,0,0,0,0,0,0,0,0,0,0,0,0,0,0,0,0,0,0,6,0,0,0,0,0,0,0,0,0,0,1,0,0,0,0,0,0,0,0,0,0,0
udhr,50,100,merged-average,true,de,0,0,0,0,0,0,0,0,100,0,0,0,0,0,0,0,0,0,0,0,0,0,0,0,0,0,0,0,0,0,0,0,0,0,0,0,0,0,0,0,0,0,0,0,0,0,0,0,0,0,0,0,0,0,0,0
udhr,50,100,merged-average,true,el,0,0,0,0,0,0,0,0,0,100,0,0,0,0,0,0,0,0,0,0,0,0,0,0,0,0,0,0,0,0,0,0,0,0,0,0,0,0,0,0,0,0,0,0,0,0,0,0,0,0,0,0,0,0,0,0
udhr,50,100,merged-average,true,en,0,0,0,0,0,0,0,0,0,0,100,0,0,0,0,0,0,0,0,0,0,0,0,0,0,0,0,0,0,0,0,0,0,0,0,0,0,0,0,0,0,0,0,0,0,0,0,0,0,0,0,0,0,0,0,0
udhr,50,100,merged-average,true,es,0,0,0,0,0,0,0,0,0,0,0,98,0,0,0,0,0,0,0,0,0,0,0,0,0,0,0,0,0,0,0,0,0,0,0,0,2,0,0,0,0,0,0,0,0,0,0,0,0,0,0,0,0,0,0,0
udhr,50,100,merged-average,true,et,0,0,0,0,0,0,0,0,0,0,0,0,100,0,0,0,0,0,0,0,0,0,0,0,0,0,0,0,0,0,0,0,0,0,0,0,0,0,0,0,0,0,0,0,0,0,0,0,0,0,0,0,0,0,0,0
udhr,50,100,merged-average,true,fa,0,0,2,0,0,0,0,0,0,0,0,0,0,98,0,0,0,0,0,0,0,0,0,0,0,0,0,0,0,0,0,0,0,0,0,0,0,0,0,0,0,0,0,0,0,0,0,0,0,0,0,0,0,0,0,0
udhr,50,100,merged-average,true,fi,0,0,0,0,0,0,0,0,0,0,0,0,0,0,99,0,0,0,0,0,0,0,0,0,0,0,0,0,0,0,0,0,0,0,0,0,0,0,0,0,0,0,0,0,0,0,0,0,0,1,0,0,0,0,0,0
udhr,50,100,merged-average,true,fr,0,0,0,0,0,0,0,0,0,0,0,0,0,0,0,100,0,0,0,0,0,0,0,0,0,0,0,0,0,0,0,0,0,0,0,0,0,0,0,0,0,0,0,0,0,0,0,0,0,0,0,0,0,0,0,0
udhr,50,100,merged-average,true,gu,0,0,0,0,0,0,0,0,0,0,0,0,0,0,0,0,100,0,0,0,0,0,0,0,0,0,0,0,0,0,0,0,0,0,0,0,0,0,0,0,0,0,0,0,0,0,0,0,0,0,0,0,0,0,0,0
udhr,50,100,merged-average,true,he,0,0,0,0,0,0,0,0,0,0,0,0,0,0,0,0,0,100,0,0,0,0,0,0,0,0,0,0,0,0,0,0,0,0,0,0,0,0,0,0,0,0,0,0,0,0,0,0,0,0,0,0,0,0,0,0
udhr,50,100,merged-average,true,hi,0,0,0,0,0,0,0,0,0,0,0,0,0,0,0,0,0,0,93,0,0,0,0,0,0,0,0,0,0,0,2,5,0,0,0,0,0,0,0,0,0,0,0,0,0,0,0,0,0,0,0,0,0,0,0,0
udhr,50,100,merged-average,true,hr,0,0,0,0,0,0,0,0,0,0,0,0,0,0,0,0,0,0,0,99,0,0,0,0,0,0,0,0,0,0,0,0,0,0,0,0,0,0,0,0,0,1,0,0,0,0,0,0,0,0,0,0,0,0,0,0
udhr,50,100,merged-average,true,hu,0,0,0,0,0,0,0,0,0,0,0,0,0,0,0,0,0,0,0,0,100,0,0,0,0,0,0,0,0,0,0,0,0,0,0,0,0,0,0,0,0,0,0,0,0,0,0,0,0,0,0,0,0,0,0,0
udhr,50,100,merged-average,true,id,0,0,0,0,0,0,0,0,0,0,0,0,0,0,0,0,0,0,0,0,0,100,0,0,0,0,0,0,0,0,0,0,0,0,0,0,0,0,0,0,0,0,0,0,0,0,0,0,0,0,0,0,0,0,0,0
udhr,50,100,merged-average,true,it,0,0,0,0,0,0,0,0,0,0,0,0,0,0,0,0,0,0,0,0,0,0,100,0,0,0,0,0,0,0,0,0,0,0,0,0,0,0,0,0,0,0,0,0,0,0,0,0,0,0,0,0,0,0,0,0
udhr,50,100,merged-average,true,ja,0,0,0,0,0,0,0,0,0,0,0,0,0,0,0,0,0,0,0,0,0,0,0,100,0,0,0,0,0,0,0,0,0,0,0,0,0,0,0,0,0,0,0,0,0,0,0,0,0,0,0,0,0,0,0,0
udhr,50,100,merged-average,true,kn,0,0,0,0,0,0,0,0,0,0,0,0,0,0,0,0,0,0,0,0,0,0,0,0,100,0,0,0,0,0,0,0,0,0,0,0,0,0,0,0,0,0,0,0,0,0,0,0,0,0,0,0,0,0,0,0
udhr,50,100,merged-average,true,ko,0,0,0,0,0,0,0,0,0,0,0,0,0,0,0,0,0,0,0,0,0,0,0,0,0,100,0,0,0,0,0,0,0,0,0,0,0,0,0,0,0,0,0,0,0,0,0,0,0,0,0,0,0,0,0,0
udhr,50,100,merged-average,true,lt,0,0,0,0,0,0,0,0,0,0,0,0,0,0,0,0,0,0,0,0,0,0,0,0,0,0,100,0,0,0,0,0,0,0,0,0,0,0,0,0,0,0,0,0,0,0,0,0,0,0,0,0,0,0,0,0
udhr,50,100,merged-average,true,lv,0,0,0,0,0,0,0,0,0,0,0,0,0,0,0,0,0,0,0,0,0,0,0,0,0,0,0,100,0,0,0,0,0,0,0,0,0,0,0,0,0,0,0,0,0,0,0,0,0,0,0,0,0,0,0,0
udhr,50,100,merged-average,true,mk,0,0,0,1,0,0,0,0,0,0,0,0,0,0,0,0,0,0,0,0,0,0,0,0,0,0,0,0,99,0,0,0,0,0,0,0,0,0,0,0,0,0,0,0,0,0,0,0,0,0,0,0,0,0,0,0
udhr,50,100,merged-average,true,ml,0,0,0,0,0,0,0,0,0,0,0,0,0,0,0,0,0,0,0,0,0,0,0,0,0,0,0,0,0,100,0,0,0,0,0,0,0,0,0,0,0,0,0,0,0,0,0,0,0,0,0,0,0,0,0,0
udhr,50,100,merged-average,true,mr,0,0,0,0,0,0,0,0,0,0,0,0,0,0,0,0,0,0,0,0,0,0,0,0,0,0,0,0,0,0,100,0,0,0,0,0,0,0,0,0,0,0,0,0,0,0,0,0,0,0,0,0,0,0,0,0
udhr,50,100,merged-average,true,ne,0,0,0,0,0,0,0,0,0,0,0,0,0,0,0,0,0,0,0,0,0,0,0,0,0,0,0,0,0,0,0,100,0,0,0,0,0,0,0,0,0,0,0,0,0,0,0,0,0,0,0,0,0,0,0,0
udhr,50,100,merged-average,true,nl,0,10,0,0,0,0,0,0,0,0,0,0,0,0,0,0,0,0,0,0,0,0,0,0,0,0,0,0,0,0,0,0,90,0,0,0,0,0,0,0,0,0,0,0,0,0,0,0,0,0,0,0,0,0,0,0
udhr,50,100,merged-average,true,no,0,0,0,0,0,0,0,10,0,0,0,0,0,0,0,0,0,0,0,1,0,0,0,0,0,0,0,0,0,0,0,0,0,88,0,0,0,0,0,0,0,0,0,0,1,0,0,0,0,0,0,0,0,0,0,0
udhr,50,100,merged-average,true,pa,0,0,0,0,0,0,0,0,0,0,0,0,0,0,0,0,0,0,0,0,0,0,0,0,0,0,0,0,0,0,0,0,0,0,100,0,0,0,0,0,0,0,0,0,0,0,0,0,0,0,0,0,0,0,0,0
udhr,50,100,merged-average,true,pl,0,0,0,0,0,0,0,0,0,0,0,0,0,0,0,0,0,0,0,0,0,0,0,0,0,0,0,0,0,0,0,0,0,0,0,100,0,0,0,0,0,0,0,0,0,0,0,0,0,0,0,0,0,0,0,0
udhr,50,100,merged-average,true,pt,0,0,0,0,0,0,0,0,0,0,0,5,0,0,0,0,0,0,0,0,0,0,3,0,0,0,0,0,0,0,0,0,0,0,0,0,92,0,0,0,0,0,0,0,0,0,0,0,0,0,0,0,0,0,0,0
udhr,50,100,merged-average,true,ro,0,0,0,0,0,0,0,0,0,0,0,0,0,0,0,0,0,0,0,0,0,0,0,0,0,0,0,0,0,0,0,0,0,0,0,0,0,100,0,0,0,0,0,0,0,0,0,0,0,0,0,0,0,0,0,0
udhr,50,100,merged-average,true,ru,0,0,0,0,0,0,0,0,0,0,0,0,0,0,0,0,0,0,0,0,0,0,0,0,0,0,0,0,0,0,0,0,0,0,0,0,0,0,100,0,0,0,0,0,0,0,0,0,0,0,0,0,0,0,0,0
udhr,50,100,merged-average,true,si,0,0,0,0,0,0,0,0,0,0,0,0,0,0,0,0,0,0,0,0,0,0,0,0,0,0,0,0,0,0,0,0,0,0,0,0,0,0,0,100,0,0,0,0,0,0,0,0,0,0,0,0,0,0,0,0
udhr,50,100,merged-average,true,sk,0,0,0,0,0,0,2,0,0,0,0,0,0,0,0,0,0,0,0,0,0,0,0,0,0,0,0,0,0,0,0,0,0,0,0,0,0,0,0,0,98,0,0,0,0,0,0,0,0,0,0,0,0,0,0,0
udhr,50,100,merged-average,true,sl,0,0,0,0,0,0,0,0,0,0,0,0,0,0,0,0,0,0,0,15,0,0,0,0,0,0,0,0,0,0,0,0,0,0,0,0,0,0,0,0,0,85,0,0,0,0,0,0,0,0,0,0,0,0,0,0
udhr,50,100,merged-average,true,so,0,0,0,0,0,0,0,0,0,0,0,0,0,0,0,0,0,0,0,0,0,0,0,0,0,0,0,0,0,0,0,0,0,0,0,0,0,0,0,0,0,0,100,0,0,0,0,0,0,0,0,0,0,0,0,0
udhr,50,100,merged-average,true,sq,0,0,0,0,0,1,0,0,0,0,0,0,0,0,0,0,0,0,0,0,0,0,0,0,0,0,0,0,0,0,0,0,0,0,0,0,0,0,0,0,0,0,0,99,0,0,0,0,0,0,0,0,0,0,0,0
udhr,50,100,merged-average,true,sv,0,0,0,0,0,0,0,1,0,0,0,0,0,0,0,0,0,0,0,0,0,0,0,0,0,0,0,0,0,0,0,0,0,1,0,0,0,0,0,0,0,0,0,0,98,0,0,0,0,0,0,0,0,0,0,0
udhr,50,100,merged-average,true,sw,0,0,0,0,0,0,0,0,0,0,2,0,0,0,0,0,0,0,0,0,0,0,0,0,0,0,0,0,0,0,0,0,0,0,0,0,0,0,0,0,0,0,0,0,0,98,0,0,0,0,0,0,0,0,0,0
udhr,50,100,merged-average,true,ta,0,0,0,0,0,0,0,0,0,0,0,0,0,0,0,0,0,0,0,0,0,0,0,0,0,0,0,0,0,0,0,0,0,0,0,0,0,0,0,0,0,0,0,0,0,0,100,0,0,0,0,0,0,0,0,0
udhr,50,100,merged-average,true,te,0,0,0,0,0,0,0,0,0,0,0,0,0,0,0,0,0,0,0,0,0,0,0,0,0,0,0,0,0,0,0,0,0,0,0,0,0,0,0,0,0,0,0,0,0,0,0,100,0,0,0,0,0,0,0,0
udhr,50,100,merged-average,true,th,0,0,0,0,0,0,0,0,0,0,0,0,0,0,0,0,0,0,0,0,0,0,0,0,0,0,0,0,0,0,0,0,0,0,0,0,0,0,0,0,0,0,0,0,0,0,0,0,100,0,0,0,0,0,0,0
udhr,50,100,merged-average,true,tl,0,0,0,0,0,0,0,0,0,0,0,0,0,0,0,0,0,0,0,0,0,0,0,0,0,0,0,0,0,0,0,0,0,0,0,0,0,0,0,0,0,0,0,0,0,0,0,0,0,100,0,0,0,0,0,0
udhr,50,100,merged-average,true,tr,0,0,0,0,0,0,0,0,0,0,0,0,0,0,0,0,0,0,0,0,0,0,0,0,0,0,0,0,0,0,0,0,0,0,0,0,0,0,0,0,0,0,0,0,0,0,0,0,0,0,100,0,0,0,0,0
udhr,50,100,merged-average,true,uk,0,0,0,0,0,0,0,0,0,0,0,0,0,0,0,0,0,0,0,0,0,0,0,0,0,0,0,0,0,0,0,0,0,0,0,0,0,0,0,0,0,0,0,0,0,0,0,0,0,0,0,100,0,0,0,0
udhr,50,100,merged-average,true,ur,0,0,0,0,0,0,0,0,0,0,0,0,0,0,0,0,0,0,0,0,0,0,0,0,0,0,0,0,0,0,0,0,0,0,0,0,0,0,0,0,0,0,0,0,0,0,0,0,0,0,0,0,100,0,0,0
udhr,50,100,merged-average,true,vi,0,0,0,0,0,0,0,0,0,0,0,0,0,0,0,0,0,0,0,0,0,0,0,0,0,0,0,0,0,0,0,0,0,0,0,0,0,0,0,0,0,0,0,0,0,0,0,0,0,0,0,0,0,100,0,0
udhr,50,100,merged-average,true,zh-cn,0,0,0,0,0,0,0,0,0,0,0,0,0,0,0,0,0,0,0,0,0,0,0,0,0,0,0,0,0,0,0,0,0,0,0,0,0,0,0,0,0,0,0,0,0,0,0,0,0,0,0,0,0,0,100,0
udhr,50,100,merged-average,true,zh-tw,0,0,0,0,0,0,0,0,0,0,0,0,0,0,0,0,0,0,0,0,0,0,0,0,0,0,0,0,0,0,0,0,0,0,0,0,0,0,0,0,0,0,0,0,0,0,0,0,0,0,0,0,0,0,0,100
udhr,100,100,merged-average,true,af,0,100,0,0,0,0,0,0,0,0,0,0,0,0,0,0,0,0,0,0,0,0,0,0,0,0,0,0,0,0,0,0,0,0,0,0,0,0,0,0,0,0,0,0,0,0,0,0,0,0,0,0,0,0,0,0
udhr,100,100,merged-average,true,ar,0,0,100,0,0,0,0,0,0,0,0,0,0,0,0,0,0,0,0,0,0,0,0,0,0,0,0,0,0,0,0,0,0,0,0,0,0,0,0,0,0,0,0,0,0,0,0,0,0,0,0,0,0,0,0,0
udhr,100,100,merged-average,true,bg,0,0,0,100,0,0,0,0,0,0,0,0,0,0,0,0,0,0,0,0,0,0,0,0,0,0,0,0,0,0,0,0,0,0,0,0,0,0,0,0,0,0,0,0,0,0,0,0,0,0,0,0,0,0,0,0
udhr,100,100,merged-average,true,bn,0,0,0,0,100,0,0,0,0,0,0,0,0,0,0,0,0,0,0,0,0,0,0,0,0,0,0,0,0,0,0,0,0,0,0,0,0,0,0,0,0,0,0,0,0,0,0,0,0,0,0,0,0,0,0,0
udhr,100,100,merged-average,true,ca,0,0,0,0,0,99,0,0,0,0,0,1,0,0,0,0,0,0,0,0,0,0,0,0,0,0,0,0,0,0,0,0,0,0,0,0,0,0,0,0,0,0,0,0,0,0,0,0,0,0,0,0,0,0,0,0
udhr,100,100,merged-average,true,cs,0,0,0,0,0,0,100,0,0,0,0,0,0,0,0,0,0,0,0,0,0,0,0,0,0,0,0,0,0,0,0,0,0,0,0,0,0,0,0,0,0,0,0,0,0,0,0,0,0,0,0,0,0,0,0,0
udhr,100,100,merged-average,true,da,0,0,0,0,0,0,0,98,0,0,0,0,0,0,0,0,0,0,0,0,0,0,0,0,0,0,0,0,0,0,0,0,0,2,0,0,0,0,0,0,0,0,0,0,0,0,0,0,0,0,0,0,0,0,0,0
udhr,100,100,merged-average,true,de,0,0,0,0,0,0,0,0,100,0,0,0,0,0,0,0,0,0,0,0,0,0,0,0,0,0,0,0,0,0,0,0,0,0,0,0,0,0,0,0,0,0,0,0,0,0,0,0,0,0,0,0,0,0,0,0
udhr,100,100,merged-average,true,el,0,0,0,0,0,0,0,0,0,100,0,0,0,0,0,0,0,0,0,0,0,0,0,0,0,0,0,0,0,0,0,0,0,0,0,0,0,0,0,0,0,0,0,0,0,0,0,0,0,0,0,0,0,0,0,0
udhr,100,100,merged-average,true,en,0,0,0,0,0,0,0,0,0,0,100,0,0,0,0,0,0,0,0,0,0,0,0,0,0,0,0,0,0,0,0,0,0,0,0,0,0,0,0,0,0,0,0,0,0,0,0,0,0,0,0,0,0,0,0,0
udhr,100,100,merged-average,true,es,0,0,0,0,0,0,0,0,0,0,0,100,0,0,0,0,0,0,0,0,0,0,0,0,0,0,0,0,0,0,0,0,0,0,0,0,0,0,0,0,0,0,0,0,0,0,0,0,0,0,0,0,0,0,0,0
udhr,100,100,merged-average,true,et,0,0,0,0,0,0,0,0,0,0,0,0,100,0,0,0,0,0,0,0,0,0,0,0,0,0,0,0,0,0,0,0,0,0,0,0,0,0,0,0,0,0,0,0,0,0,0,0,0,0,0,0,0,0,0,0
udhr,100,100,merged-average,true,fa,0,0,0,0,0,0,0,0,0,0,0,0,0,100,0,0,0,0,0,0,0,0,0,0,0,0,0,0,0,0,0,0,0,0,0,0,0,0,0,0,0,0,0,0,0,0,0,0,0,0,0,0,0,0,0,0
udhr,100,100,merged-average,true,fi,0,0,0,0,0,0,0,0,0,0,0,0,0,0,100,0,0,0,0,0,0,0,0,0,0,0,0,0,0,0,0,0,0,0,0,0,0,0,0,0,0,0,0,0,0,0,0,0,0,0,0,0,0,0,0,0
udhr,100,100,merged-average,true,fr,0,0,0,0,0,0,0,0,0,0,0,0,0,0,0,100,0,0,0,0,0,0,0,0,0,0,0,0,0,0,0,0,0,0,0,0,0,0,0,0,0,0,0,0,0,0,0,0,0,0,0,0,0,0,0,0
udhr,100,100,merged-average,true,gu,0,0,0,0,0,0,0,0,0,0,0,0,0,0,0,0,100,0,0,0,0,0,0,0,0,0,0,0,0,0,0,0,0,0,0,0,0,0,0,0,0,0,0,0,0,0,0,0,0,0,0,0,0,0,0,0
udhr,100,100,merged-average,true,he,0,0,0,0,0,0,0,0,0,0,0,0,0,0,0,0,0,100,0,0,0,0,0,0,0,0,0,0,0,0,0,0,0,0,0,0,0,0,0,0,0,0,0,0,0,0,0,0,0,0,0,0,0,0,0,0
udhr,100,100,merged-average,true,hi,0,0,0,0,0,0,0,0,0,0,0,0,0,0,0,0,0,0,98,0,0,0,0,0,0,0,0,0,0,0,0,2,0,0,0,0,0,0,0,0,0,0,0,0,0,0,0,0,0,0,0,0,0,0,0,0
udhr,100,100,merged-average,true,hr,0,0,0,0,0,0,0,0,0,0,0,0,0,0,0,0,0,0,0,100,0,0,0,0,0,0,0,0,0,0,0,0,0,0,0,0,0,0,0,0,0,0,0,0,0,0,0,0,0,0,0,0,0,0,0,0
udhr,100,100,merged-average,true,hu,0,0,0,0,0,0,0,0,0,0,0,0,0,0,0,0,0,0,0,0,100,0,0,0,0,0,0,0,0,0,0,0,0,0,0,0,0,0,0,0,0,0,0,0,0,0,0,0,0,0,0,0,0,0,0,0
udhr,100,100,merged-average,true,id,0,0,0,0,0,0,0,0,0,0,0,0,0,0,0,0,0,0,0,0,0,100,0,0,0,0,0,0,0,0,0,0,0,0,0,0,0,0,0,0,0,0,0,0,0,0,0,0,0,0,0,0,0,0,0,0
udhr,100,100,merged-average,true,it,0,0,0,0,0,0,0,0,0,0,0,0,0,0,0,0,0,0,0,0,0,0,100,0,0,0,0,0,0,0,0,0,0,0,0,0,0,0,0,0,0,0,0,0,0,0,0,0,0,0,0,0,0,0,0,0
udhr,100,100,merged-average,true,ja,0,0,0,0,0,0,0,0,0,0,0,0,0,0,0,0,0,0,0,0,0,0,0,100,0,0,0,0,0,0,0,0,0,0,0,0,0,0,0,0,0,0,0,0,0,0,0,0,0,0,0,0,0,0,0,0
udhr,100,100,merged-average,true,kn,0,0,0,0,0,0,0,0,0,0,0,0,0,0,0,0,0,0,0,0,0,0,0,0,100,0,0,0,0,0,0,0,0,0,0,0,0,0,0,0,0,0,0,0,0,0,0,0,0,0,0,0,0,0,0,0
udhr,100,100,merged-average,true,ko,0,0,0,0,0,0,0,0,0,0,0,0,0,0,0,0,0,0,0,0,0,0,0,0,0,100,0,0,0,0,0,0,0,0,0,0,0,0,0,0,0,0,0,0,0,0,0,0,0,0,0,0,0,0,0,0
udhr,100,100,merged-average,true,lt,0,0,0,0,0,0,0,0,0,0,0,0,0,0,0,0,0,0,0,0,0,0,0,0,0,0,100,0,0,0,0,0,0,0,0,0,0,0,0,0,0,0,0,0,0,0,0,0,0,0,0,0,0,0,0,0
udhr,100,100,merged-average,true,lv,0,0,0,0,0,0,0,0,0,0,0,0,0,0,0,0,0,0,0,0,0,0,0,0,0,0,0,100,0,0,0,0,0,0,0,0,0,0,0,0,0,0,0,0,0,0,0,0,0,0,0,0,0,0,0,0
udhr,100,100,merged-average,true,mk,0,0,0,0,0,0,0,0,0,0,0,0,0,0,0,0,0,0,0,0,0,0,0,0,0,0,0,0,100,0,0,0,0,0,0,0,0,0,0,0,0,0,0,0,0,0,0,0,0,0,0,0,0,0,0,0
udhr,100,100,merged-average,true,ml,0,0,0,0,0,0,0,0,0,0,0,0,0,0,0,0,0,0,0,0,0,0,0,0,0,0,0,0,0,100,0,0,0,0,0,0,0,0,0,0,0,0,0,0,0,0,0,0,0,0,0,0,0,0,0,0
udhr,100,100,merged-average,true,mr,0,0,0,0,0,0,0,0,0,0,0,0,0,0,0,0,0,0,0,0,0,0,0,0,0,0,0,0,0,0,100,0,0,0,0,0,0,0,0,0,0,0,0,0,0,0,0,0,0,0,0,0,0,0,0,0
udhr,100,100,merged-average,true,ne,0,0,0,0,0,0,0,0,0,0,0,0,0,0,0,0,0,0,0,0,0,0,0,0,0,0,0,0,0,0,0,100,0,0,0,0,0,0,0,0,0,0,0,0,0,0,0,0,0,0,0,0,0,0,0,0
udhr,100,100,merged-average,true,nl,0,2,0,0,0,0,0,0,0,0,0,0,0,0,0,0,0,0,0,0,0,0,0,0,0,0,0,0,0,0,0,0,98,0,0,0,0,0,0,0,0,0,0,0,0,0,0,0,0,0,0,0,0,0,0,0
udhr,100,100,merged-average,true,no,0,0,0,0,0,0,0,6,0,0,0,0,0,0,0,0,0,0,0,0,0,0,0,0,0,0,0,0,0,0,0,0,0,94,0,0,0,0,0,0,0,0,0,0,0,0,0,0,0,0,0,0,0,0,0,0
udhr,100,100,merged-average,true,pa,0,0,0,0,0,0,0,0,0,0,0,0,0,0,0,0,0,0,0,0,0,0,0,0,0,0,0,0,0,0,0,0,0,0,100,0,0,0,0,0,0,0,0,0,0,0,0,0,0,0,0,0,0,0,0,0
udhr,100,100,merged-average,true,pl,0,0,0,0,0,0,0,0,0,0,0,0,0,0,0,0,0,0,0,0,0,0,0,0,0,0,0,0,0,0,0,0,0,0,0,100,0,0,0,0,0,0,0,0,0,0,0,0,0,0,0,0,0,0,0,0
udhr,100,100,merged-average,true,pt,0,0,0,0,0,0,0,0,0,0,0,0,0,0,0,0,0,0,0,0,0,0,0,0,0,0,0,0,0,0,0,0,0,0,0,0,100,0,0,0,0,0,0,0,0,0,0,0,0,0,0,0,0,0,0,0
udhr,100,100,merged-average,true,ro,0,0,0,0,0,0,0,0,0,0,0,0,0,0,0,0,0,0,0,0,0,0,0,0,0,0,0,0,0,0,0,0,0,0,0,0,0,100,0,0,0,0,0,0,0,0,0,0,0,0,0,0,0,0,0,0
udhr,100,100,merged-average,true,ru,0,0,0,0,0,0,0,0,0,0,0,0,0,0,0,0,0,0,0,0,0,0,0,0,0,0,0,0,0,0,0,0,0,0,0,0,0,0,100,0,0,0,0,0,0,0,0,0,0,0,0,0,0,0,0,0
udhr,100,100,merged-average,true,si,0,0,0,0,0,0,0,0,0,0,0,0,0,0,0,0,0,0,0,0,0,0,0,0,0,0,0,0,0,0,0,0,0,0,0,0,0,0,0,100,0,0,0,0,0,0,0,0,0,0,0,0,0,0,0,0
udhr,100,100,merged-average,true,sk,0,0,0,0,0,0,0,0,0,0,0,0,0,0,0,0,0,0,0,0,0,0,0,0,0,0,0,0,0,0,0,0,0,0,0,0,0,0,0,0,100,0,0,0,0,0,0,0,0,0,0,0,0,0,0,0
udhr,100,100,merged-average,true,sl,0,0,0,0,0,0,0,0,0,0,0,0,0,0,0,0,0,0,0,8,0,0,0,0,0,0,0,0,0,0,0,0,0,0,0,0,0,0,0,0,0,92,0,0,0,0,0,0,0,0,0,0,0,0,0,0
udhr,100,100,merged-average,true,so,0,0,0,0,0,0,0,0,0,0,0,0,0,0,0,0,0,0,0,0,0,0,0,0,0,0,0,0,0,0,0,0,0,0,0,0,0,0,0,0,0,0,100,0,0,0,0,0,0,0,0,0,0,0,0,0
udhr,100,100,merged-average,true,sq,0,0,0,0,0,0,0,0,0,0,0,0,0,0,0,0,0,0,0,0,0,0,0,0,0,0,0,0,0,0,0,0,0,0,0,0,0,0,0,0,0,0,0,100,0,0,0,0,0,0,0,0,0,0,0,0
udhr,100,100,merged-average,true,sv,0,0,0,0,0,0,0,2,0,0,0,0,0,0,0,0,0,0,0,0,0,0,0,0,0,0,0,0,0,0,0,0,0,0,0,0,0,0,0,0,0,0,0,0,98,0,0,0,0,0,0,0,0,0,0,0
udhr,100,100,merged-average,true,sw,0,0,0,0,0,0,0,0,0,0,0,0,0,0,0,0,0,0,0,0,0,0,0,0,0,0,0,0,0,0,0,0,0,0,0,0,0,0,0,0,0,0,0,0,0,100,0,0,0,0,0,0,0,0,0,0
udhr,100,100,merged-average,true,ta,0,0,0,0,0,0,0,0,0,0,0,0,0,0,0,0,0,0,0,0,0,0,0,0,0,0,0,0,0,0,0,0,0,0,0,0,0,0,0,0,0,0,0,0,0,0,100,0,0,0,0,0,0,0,0,0
udhr,100,100,merged-average,true,te,0,0,0,0,0,0,0,0,0,0,0,0,0,0,0,0,0,0,0,0,0,0,0,0,0,0,0,0,0,0,0,0,0,0,0,0,0,0,0,0,0,0,0,0,0,0,0,100,0,0,0,0,0,0,0,0
udhr,100,100,merged-average,true,th,0,0,0,0,0,0,0,0,0,0,0,0,0,0,0,0,0,0,0,0,0,0,0,0,0,0,0,0,0,0,0,0,0,0,0,0,0,0,0,0,0,0,0,0,0,0,0,0,100,0,0,0,0,0,0,0
udhr,100,100,merged-average,true,tl,0,0,0,0,0,0,0,0,0,0,0,0,0,0,0,0,0,0,0,0,0,0,0,0,0,0,0,0,0,0,0,0,0,0,0,0,0,0,0,0,0,0,0,0,0,0,0,0,0,100,0,0,0,0,0,0
udhr,100,100,merged-average,true,tr,0,0,0,0,0,0,0,0,0,0,0,0,0,0,0,0,0,0,0,0,0,0,0,0,0,0,0,0,0,0,0,0,0,0,0,0,0,0,0,0,0,0,0,0,0,0,0,0,0,0,100,0,0,0,0,0
udhr,100,100,merged-average,true,uk,0,0,0,0,0,0,0,0,0,0,0,0,0,0,0,0,0,0,0,0,0,0,0,0,0,0,0,0,0,0,0,0,0,0,0,0,0,0,0,0,0,0,0,0,0,0,0,0,0,0,0,100,0,0,0,0
udhr,100,100,merged-average,true,ur,0,0,0,0,0,0,0,0,0,0,0,0,0,0,0,0,0,0,0,0,0,0,0,0,0,0,0,0,0,0,0,0,0,0,0,0,0,0,0,0,0,0,0,0,0,0,0,0,0,0,0,0,100,0,0,0
udhr,100,100,merged-average,true,vi,0,0,0,0,0,0,0,0,0,0,0,0,0,0,0,0,0,0,0,0,0,0,0,0,0,0,0,0,0,0,0,0,0,0,0,0,0,0,0,0,0,0,0,0,0,0,0,0,0,0,0,0,0,100,0,0
udhr,100,100,merged-average,true,zh-cn,0,0,0,0,0,0,0,0,0,0,0,0,0,0,0,0,0,0,0,0,0,0,0,0,0,0,0,0,0,0,0,0,0,0,0,0,0,0,0,0,0,0,0,0,0,0,0,0,0,0,0,0,0,0,100,0
udhr,100,100,merged-average,true,zh-tw,0,0,0,0,0,0,0,0,0,0,0,0,0,0,0,0,0,0,0,0,0,0,0,0,0,0,0,0,0,0,0,0,0,0,0,0,0,0,0,0,0,0,0,0,0,0,0,0,0,0,0,0,0,0,0,100
udhr,300,100,merged-average,true,af,0,100,0,0,0,0,0,0,0,0,0,0,0,0,0,0,0,0,0,0,0,0,0,0,0,0,0,0,0,0,0,0,0,0,0,0,0,0,0,0,0,0,0,0,0,0,0,0,0,0,0,0,0,0,0,0
udhr,300,100,merged-average,true,ar,0,0,100,0,0,0,0,0,0,0,0,0,0,0,0,0,0,0,0,0,0,0,0,0,0,0,0,0,0,0,0,0,0,0,0,0,0,0,0,0,0,0,0,0,0,0,0,0,0,0,0,0,0,0,0,0
udhr,300,100,merged-average,true,bg,0,0,0,100,0,0,0,0,0,0,0,0,0,0,0,0,0,0,0,0,0,0,0,0,0,0,0,0,0,0,0,0,0,0,0,0,0,0,0,0,0,0,0,0,0,0,0,0,0,0,0,0,0,0,0,0
udhr,300,100,merged-average,true,bn,0,0,0,0,100,0,0,0,0,0,0,0,0,0,0,0,0,0,0,0,0,0,0,0,0,0,0,0,0,0,0,0,0,0,0,0,0,0,0,0,0,0,0,0,0,0,0,0,0,0,0,0,0,0,0,0
udhr,300,100,merged-average,true,ca,0,0,0,0,0,100,0,0,0,0,0,0,0,0,0,0,0,0,0,0,0,0,0,0,0,0,0,0,0,0,0,0,0,0,0,0,0,0,0,0,0,0,0,0,0,0,0,0,0,0,0,0,0,0,0,0
udhr,300,100,merged-average,true,cs,0,0,0,0,0,0,100,0,0,0,0,0,0,0,0,0,0,0,0,0,0,0,0,0,0,0,0,0,0,0,0,0,0,0,0,0,0,0,0,0,0,0,0,0,0,0,0,0,0,0,0,0,0,0,0,0
udhr,300,100,merged-average,true,da,0,0,0,0,0,0,0,100,0,0,0,0,0,0,0,0,0,0,0,0,0,0,0,0,0,0,0,0,0,0,0,0,0,0,0,0,0,0,0,0,0,0,0,0,0,0,0,0,0,0,0,0,0,0,0,0
udhr,300,100,merged-average,true,de,0,0,0,0,0,0,0,0,100,0,0,0,0,0,0,0,0,0,0,0,0,0,0,0,0,0,0,0,0,0,0,0,0,0,0,0,0,0,0,0,0,0,0,0,0,0,0,0,0,0,0,0,0,0,0,0
udhr,300,100,merged-average,true,el,0,0,0,0,0,0,0,0,0,100,0,0,0,0,0,0,0,0,0,0,0,0,0,0,0,0,0,0,0,0,0,0,0,0,0,0,0,0,0,0,0,0,0,0,0,0,0,0,0,0,0,0,0,0,0,0
udhr,300,100,merged-average,true,en,0,0,0,0,0,0,0,0,0,0,100,0,0,0,0,0,0,0,0,0,0,0,0,0,0,0,0,0,0,0,0,0,0,0,0,0,0,0,0,0,0,0,0,0,0,0,0,0,0,0,0,0,0,0,0,0
udhr,300,100,merged-average,true,es,0,0,0,0,0,0,0,0,0,0,0,100,0,0,0,0,0,0,0,0,0,0,0,0,0,0,0,0,0,0,0,0,0,0,0,0,0,0,0,0,0,0,0,0,0,0,0,0,0,0,0,0,0,0,0,0
udhr,300,100,merged-average,true,et,0,0,0,0,0,0,0,0,0,0,0,0,100,0,0,0,0,0,0,0,0,0,0,0,0,0,0,0,0,0,0,0,0,0,0,0,0,0,0,0,0,0,0,0,0,0,0,0,0,0,0,0,0,0,0,0
udhr,300,100,merged-average,true,fa,0,0,0,0,0,0,0,0,0,0,0,0,0,100,0,0,0,0,0,0,0,0,0,0,0,0,0,0,0,0,0,0,0,0,0,0,0,0,0,0,0,0,0,0,0,0,0,0,0,0,0,0,0,0,0,0
udhr,300,100,merged-average,true,fi,0,0,0,0,0,0,0,0,0,0,0,0,0,0,100,0,0,0,0,0,0,0,0,0,0,0,0,0,0,0,0,0,0,0,0,0,0,0,0,0,0,0,0,0,0,0,0,0,0,0,0,0,0,0,0,0
udhr,300,100,merged-average,true,fr,0,0,0,0,0,0,0,0,0,0,0,0,0,0,0,100,0,0,0,0,0,0,0,0,0,0,0,0,0,0,0,0,0,0,0,0,0,0,0,0,0,0,0,0,0,0,0,0,0,0,0,0,0,0,0,0
udhr,300,100,merged-average,true,gu,0,0,0,0,0,0,0,0,0,0,0,0,0,0,0,0,100,0,0,0,0,0,0,0,0,0,0,0,0,0,0,0,0,0,0,0,0,0,0,0,0,0,0,0,0,0,0,0,0,0,0,0,0,0,0,0
udhr,300,100,merged-average,true,he,0,0,0,0,0,0,0,0,0,0,0,0,0,0,0,0,0,100,0,0,0,0,0,0,0,0,0,0,0,0,0,0,0,0,0,0,0,0,0,0,0,0,0,0,0,0,0,0,0,0,0,0,0,0,0,0
udhr,300,100,merged-average,true,hi,0,0,0,0,0,0,0,0,0,0,0,0,0,0,0,0,0,0,100,0,0,0,0,0,0,0,0,0,0,0,0,0,0,0,0,0,0,0,0,0,0,0,0,0,0,0,0,0,0,0,0,0,0,0,0,0
udhr,300,100,merged-average,true,hr,0,0,0,0,0,0,0,0,0,0,0,0,0,0,0,0,0,0,0,100,0,0,0,0,0,0,0,0,0,0,0,0,0,0,0,0,0,0,0,0,0,0,0,0,0,0,0,0,0,0,0,0,0,0,0,0
udhr,300,100,merged-average,true,hu,0,0,0,0,0,0,0,0,0,0,0,0,0,0,0,0,0,0,0,0,100,0,0,0,0,0,0,0,0,0,0,0,0,0,0,0,0,0,0,0,0,0,0,0,0,0,0,0,0,0,0,0,0,0,0,0
udhr,300,100,merged-average,true,id,0,0,0,0,0,0,0,0,0,0,0,0,0,0,0,0,0,0,0,0,0,100,0,0,0,0,0,0,0,0,0,0,0,0,0,0,0,0,0,0,0,0,0,0,0,0,0,0,0,0,0,0,0,0,0,0
udhr,300,100,merged-average,true,it,0,0,0,0,0,0,0,0,0,0,0,0,0,0,0,0,0,0,0,0,0,0,100,0,0,0,0,0,0,0,0,0,0,0,0,0,0,0,0,0,0,0,0,0,0,0,0,0,0,0,0,0,0,0,0,0
udhr,300,100,merged-average,true,ja,0,0,0,0,0,0,0,0,0,0,0,0,0,0,0,0,0,0,0,0,0,0,0,100,0,0,0,0,0,0,0,0,0,0,0,0,0,0,0,0,0,0,0,0,0,0,0,0,0,0,0,0,0,0,0,0
udhr,300,100,merged-average,true,kn,0,0,0,0,0,0,0,0,0,0,0,0,0,0,0,0,0,0,0,0,0,0,0,0,100,0,0,0,0,0,0,0,0,0,0,0,0,0,0,0,0,0,0,0,0,0,0,0,0,0,0,0,0,0,0,0
udhr,300,100,merged-average,true,ko,0,0,0,0,0,0,0,0,0,0,0,0,0,0,0,0,0,0,0,0,0,0,0,0,0,100,0,0,0,0,0,0,0,0,0,0,0,0,0,0,0,0,0,0,0,0,0,0,0,0,0,0,0,0,0,0
udhr,300,100,merged-average,true,lt,0,0,0,0,0,0,0,0,0,0,0,0,0,0,0,0,0,0,0,0,0,0,0,0,0,0,100,0,0,0,0,0,0,0,0,0,0,0,0,0,0,0,0,0,0,0,0,0,0,0,0,0,0,0,0,0
udhr,300,100,merged-average,true,lv,0,0,0,0,0,0,0,0,0,0,0,0,0,0,0,0,0,0,0,0,0,0,0,0,0,0,0,100,0,0,0,0,0,0,0,0,0,0,0,0,0,0,0,0,0,0,0,0,0,0,0,0,0,0,0,0
udhr,300,100,merged-average,true,mk,0,0,0,0,0,0,0,0,0,0,0,0,0,0,0,0,0,0,0,0,0,0,0,0,0,0,0,0,100,0,0,0,0,0,0,0,0,0,0,0,0,0,0,0,0,0,0,0,0,0,0,0,0,0,0,0
udhr,300,100,merged-average,true,ml,0,0,0,0,0,0,0,0,0,0,0,0,0,0,0,0,0,0,0,0,0,0,0,0,0,0,0,0,0,100,0,0,0,0,0,0,0,0,0,0,0,0,0,0,0,0,0,0,0,0,0,0,0,0,0,0
udhr,300,100,merged-average,true,mr,0,0,0,0,0,0,0,0,0,0,0,0,0,0,0,0,0,0,0,0,0,0,0,0,0,0,0,0,0,0,100,0,0,0,0,0,0,0,0,0,0,0,0,0,0,0,0,0,0,0,0,0,0,0,0,0
udhr,300,100,merged-average,true,ne,0,0,0,0,0,0,0,0,0,0,0,0,0,0,0,0,0,0,0,0,0,0,0,0,0,0,0,0,0,0,0,100,0,0,0,0,0,0,0,0,0,0,0,0,0,0,0,0,0,0,0,0,0,0,0,0
udhr,300,100,merged-average,true,nl,0,0,0,0,0,0,0,0,0,0,0,0,0,0,0,0,0,0,0,0,0,0,0,0,0,0,0,0,0,0,0,0,100,0,0,0,0,0,0,0,0,0,0,0,0,0,0,0,0,0,0,0,0,0,0,0
udhr,300,100,merged-average,true,no,0,0,0,0,0,0,0,0,0,0,0,0,0,0,0,0,0,0,0,0,0,0,0,0,0,0,0,0,0,0,0,0,0,100,0,0,0,0,0,0,0,0,0,0,0,0,0,0,0,0,0,0,0,0,0,0
udhr,300,100,merged-average,true,pa,0,0,0,0,0,0,0,0,0,0,0,0,0,0,0,0,0,0,0,0,0,0,0,0,0,0,0,0,0,0,0,0,0,0,100,0,0,0,0,0,0,0,0,0,0,0,0,0,0,0,0,0,0,0,0,0
udhr,300,100,merged-average,true,pl,0,0,0,0,0,0,0,0,0,0,0,0,0,0,0,0,0,0,0,0,0,0,0,0,0,0,0,0,0,0,0,0,0,0,0,100,0,0,0,0,0,0,0,0,0,0,0,0,0,0,0,0,0,0,0,0
udhr,300,100,merged-average,true,pt,0,0,0,0,0,0,0,0,0,0,0,0,0,0,0,0,0,0,0,0,0,0,0,0,0,0,0,0,0,0,0,0,0,0,0,0,100,0,0,0,0,0,0,0,0,0,0,0,0,0,0,0,0,0,0,0
udhr,300,100,merged-average,true,ro,0,0,0,0,0,0,0,0,0,0,0,0,0,0,0,0,0,0,0,0,0,0,0,0,0,0,0,0,0,0,0,0,0,0,0,0,0,100,0,0,0,0,0,0,0,0,0,0,0,0,0,0,0,0,0,0
udhr,300,100,merged-average,true,ru,0,0,0,0,0,0,0,0,0,0,0,0,0,0,0,0,0,0,0,0,0,0,0,0,0,0,0,0,0,0,0,0,0,0,0,0,0,0,100,0,0,0,0,0,0,0,0,0,0,0,0,0,0,0,0,0
udhr,300,100,merged-average,true,si,0,0,0,0,0,0,0,0,0,0,0,0,0,0,0,0,0,0,0,0,0,0,0,0,0,0,0,0,0,0,0,0,0,0,0,0,0,0,0,100,0,0,0,0,0,0,0,0,0,0,0,0,0,0,0,0
udhr,300,100,merged-average,true,sk,0,0,0,0,0,0,0,0,0,0,0,0,0,0,0,0,0,0,0,0,0,0,0,0,0,0,0,0,0,0,0,0,0,0,0,0,0,0,0,0,100,0,0,0,0,0,0,0,0,0,0,0,0,0,0,0
udhr,300,100,merged-average,true,sl,0,0,0,0,0,0,0,0,0,0,0,0,0,0,0,0,0,0,0,0,0,0,0,0,0,0,0,0,0,0,0,0,0,0,0,0,0,0,0,0,0,100,0,0,0,0,0,0,0,0,0,0,0,0,0,0
udhr,300,100,merged-average,true,so,0,0,0,0,0,0,0,0,0,0,0,0,0,0,0,0,0,0,0,0,0,0,0,0,0,0,0,0,0,0,0,0,0,0,0,0,0,0,0,0,0,0,100,0,0,0,0,0,0,0,0,0,0,0,0,0
udhr,300,100,merged-average,true,sq,0,0,0,0,0,0,0,0,0,0,0,0,0,0,0,0,0,0,0,0,0,0,0,0,0,0,0,0,0,0,0,0,0,0,0,0,0,0,0,0,0,0,0,100,0,0,0,0,0,0,0,0,0,0,0,0
udhr,300,100,merged-average,true,sv,0,0,0,0,0,0,0,0,0,0,0,0,0,0,0,0,0,0,0,0,0,0,0,0,0,0,0,0,0,0,0,0,0,0,0,0,0,0,0,0,0,0,0,0,100,0,0,0,0,0,0,0,0,0,0,0
udhr,300,100,merged-average,true,sw,0,0,0,0,0,0,0,0,0,0,0,0,0,0,0,0,0,0,0,0,0,0,0,0,0,0,0,0,0,0,0,0,0,0,0,0,0,0,0,0,0,0,0,0,0,100,0,0,0,0,0,0,0,0,0,0
udhr,300,100,merged-average,true,ta,0,0,0,0,0,0,0,0,0,0,0,0,0,0,0,0,0,0,0,0,0,0,0,0,0,0,0,0,0,0,0,0,0,0,0,0,0,0,0,0,0,0,0,0,0,0,100,0,0,0,0,0,0,0,0,0
udhr,300,100,merged-average,true,te,0,0,0,0,0,0,0,0,0,0,0,0,0,0,0,0,0,0,0,0,0,0,0,0,0,0,0,0,0,0,0,0,0,0,0,0,0,0,0,0,0,0,0,0,0,0,0,100,0,0,0,0,0,0,0,0
udhr,300,100,merged-average,true,th,0,0,0,0,0,0,0,0,0,0,0,0,0,0,0,0,0,0,0,0,0,0,0,0,0,0,0,0,0,0,0,0,0,0,0,0,0,0,0,0,0,0,0,0,0,0,0,0,100,0,0,0,0,0,0,0
udhr,300,100,merged-average,true,tl,0,0,0,0,0,0,0,0,0,0,0,0,0,0,0,0,0,0,0,0,0,0,0,0,0,0,0,0,0,0,0,0,0,0,0,0,0,0,0,0,0,0,0,0,0,0,0,0,0,100,0,0,0,0,0,0
udhr,300,100,merged-average,true,tr,0,0,0,0,0,0,0,0,0,0,0,0,0,0,0,0,0,0,0,0,0,0,0,0,0,0,0,0,0,0,0,0,0,0,0,0,0,0,0,0,0,0,0,0,0,0,0,0,0,0,100,0,0,0,0,0
udhr,300,100,merged-average,true,uk,0,0,0,0,0,0,0,0,0,0,0,0,0,0,0,0,0,0,0,0,0,0,0,0,0,0,0,0,0,0,0,0,0,0,0,0,0,0,0,0,0,0,0,0,0,0,0,0,0,0,0,100,0,0,0,0
udhr,300,100,merged-average,true,ur,0,0,0,0,0,0,0,0,0,0,0,0,0,0,0,0,0,0,0,0,0,0,0,0,0,0,0,0,0,0,0,0,0,0,0,0,0,0,0,0,0,0,0,0,0,0,0,0,0,0,0,0,100,0,0,0
udhr,300,100,merged-average,true,vi,0,0,0,0,0,0,0,0,0,0,0,0,0,0,0,0,0,0,0,0,0,0,0,0,0,0,0,0,0,0,0,0,0,0,0,0,0,0,0,0,0,0,0,0,0,0,0,0,0,0,0,0,0,100,0,0
udhr,300,100,merged-average,true,zh-cn,0,0,0,0,0,0,0,0,0,0,0,0,0,0,0,0,0,0,0,0,0,0,0,0,0,0,0,0,0,0,0,0,0,0,0,0,0,0,0,0,0,0,0,0,0,0,0,0,0,0,0,0,0,0,100,0
udhr,300,100,merged-average,true,zh-tw,0,0,0,0,0,0,0,0,0,0,0,0,0,0,0,0,0,0,0,0,0,0,0,0,0,0,0,0,0,0,0,0,0,0,0,0,0,0,0,0,0,0,0,0,0,0,0,0,0,0,0,0,0,0,0,100
wordpress-translations,0,1,merged-average,true,af,0,49,0,0,0,0,0,0,0,0,0,0,0,0,0,0,0,0,0,0,0,0,0,0,0,0,0,0,0,0,0,0,1,0,0,0,0,0,0,0,0,0,0,0,0,0,0,0,0,0,0,0,0,0,0,0
wordpress-translations,0,1,merged-average,true,ar,0,0,50,0,0,0,0,0,0,0,0,0,0,0,0,0,0,0,0,0,0,0,0,0,0,0,0,0,0,0,0,0,0,0,0,0,0,0,0,0,0,0,0,0,0,0,0,0,0,0,0,0,0,0,0,0
wordpress-translations,0,1,merged-average,true,bg,0,0,0,50,0,0,0,0,0,0,0,0,0,0,0,0,0,0,0,0,0,0,0,0,0,0,0,0,0,0,0,0,0,0,0,0,0,0,0,0,0,0,0,0,0,0,0,0,0,0,0,0,0,0,0,0
wordpress-translations,0,1,merged-average,true,bn,0,0,0,0,50,0,0,0,0,0,0,0,0,0,0,0,0,0,0,0,0,0,0,0,0,0,0,0,0,0,0,0,0,0,0,0,0,0,0,0,0,0,0,0,0,0,0,0,0,0,0,0,0,0,0,0
wordpress-translations,0,1,merged-average,true,ca,0,0,0,0,0,50,0,0,0,0,0,0,0,0,0,0,0,0,0,0,0,0,0,0,0,0,0,0,0,0,0,0,0,0,0,0,0,0,0,0,0,0,0,0,0,0,0,0,0,0,0,0,0,0,0,0
wordpress-translations,0,1,merged-average,true,cs,0,0,0,0,0,0,50,0,0,0,0,0,0,0,0,0,0,0,0,0,0,0,0,0,0,0,0,0,0,0,0,0,0,0,0,0,0,0,0,0,0,0,0,0,0,0,0,0,0,0,0,0,0,0,0,0
wordpress-translations,0,1,merged-average,true,da,0,0,0,0,0,0,0,50,0,0,0,0,0,0,0,0,0,0,0,0,0,0,0,0,0,0,0,0,0,0,0,0,0,0,0,0,0,0,0,0,0,0,0,0,0,0,0,0,0,0,0,0,0,0,0,0
wordpress-translations,0,1,merged-average,true,de,0,0,0,0,0,0,0,0,50,0,0,0,0,0,0,0,0,0,0,0,0,0,0,0,0,0,0,0,0,0,0,0,0,0,0,0,0,0,0,0,0,0,0,0,0,0,0,0,0,0,0,0,0,0,0,0
wordpress-translations,0,1,merged-average,true,el,0,0,0,0,0,0,0,0,0,50,0,0,0,0,0,0,0,0,0,0,0,0,0,0,0,0,0,0,0,0,0,0,0,0,0,0,0,0,0,0,0,0,0,0,0,0,0,0,0,0,0,0,0,0,0,0
wordpress-translations,0,1,merged-average,true,en,0,0,0,0,0,0,0,0,0,0,50,0,0,0,0,0,0,0,0,0,0,0,0,0,0,0,0,0,0,0,0,0,0,0,0,0,0,0,0,0,0,0,0,0,0,0,0,0,0,0,0,0,0,0,0,0
wordpress-translations,0,1,merged-average,true,es,0,0,0,0,0,0,0,0,0,0,0,50,0,0,0,0,0,0,0,0,0,0,0,0,0,0,0,0,0,0,0,0,0,0,0,0,0,0,0,0,0,0,0,0,0,0,0,0,0,0,0,0,0,0,0,0
wordpress-translations,0,1,merged-average,true,et,0,0,0,0,0,0,0,0,0,0,0,0,50,0,0,0,0,0,0,0,0,0,0,0,0,0,0,0,0,0,0,0,0,0,0,0,0,0,0,0,0,0,0,0,0,0,0,0,0,0,0,0,0,0,0,0
wordpress-translations,0,1,merged-average,true,fa,0,0,0,0,0,0,0,0,0,0,0,0,0,50,0,0,0,0,0,0,0,0,0,0,0,0,0,0,0,0,0,0,0,0,0,0,0,0,0,0,0,0,0,0,0,0,0,0,0,0,0,0,0,0,0,0
wordpress-translations,0,1,merged-average,true,fi,0,0,0,0,0,0,0,0,0,0,0,0,0,0,50,0,0,0,0,0,0,0,0,0,0,0,0,0,0,0,0,0,0,0,0,0,0,0,0,0,0,0,0,0,0,0,0,0,0,0,0,0,0,0,0,0
wordpress-translations,0,1,merged-average,true,fr,0,0,0,0,0,0,0,0,0,0,0,0,0,0,0,50,0,0,0,0,0,0,0,0,0,0,0,0,0,0,0,0,0,0,0,0,0,0,0,0,0,0,0,0,0,0,0,0,0,0,0,0,0,0,0,0
wordpress-translations,0,1,merged-average,true,gu,0,0,0,0,0,0,0,0,0,0,0,0,0,0,0,0,50,0,0,0,0,0,0,0,0,0,0,0,0,0,0,0,0,0,0,0,0,0,0,0,0,0,0,0,0,0,0,0,0,0,0,0,0,0,0,0
wordpress-translations,0,1,merged-average,true,he,0,0,0,0,0,0,0,0,0,0,0,0,0,0,0,0,0,50,0,0,0,0,0,0,0,0,0,0,0,0,0,0,0,0,0,0,0,0,0,0,0,0,0,0,0,0,0,0,0,0,0,0,0,0,0,0
wordpress-translations,0,1,merged-average,true,hi,0,0,0,0,0,0,0,0,0,0,0,0,0,0,0,0,0,0,50,0,0,0,0,0,0,0,0,0,0,0,0,0,0,0,0,0,0,0,0,0,0,0,0,0,0,0,0,0,0,0,0,0,0,0,0,0
wordpress-translations,0,1,merged-average,true,hr,0,0,0,0,0,0,0,0,0,0,0,0,0,0,0,0,0,0,0,50,0,0,0,0,0,0,0,0,0,0,0,0,0,0,0,0,0,0,0,0,0,0,0,0,0,0,0,0,0,0,0,0,0,0,0,0
wordpress-translations,0,1,merged-average,true,hu,0,0,0,0,0,0,0,0,0,0,0,0,0,0,0,0,0,0,0,0,50,0,0,0,0,0,0,0,0,0,0,0,0,0,0,0,0,0,0,0,0,0,0,0,0,0,0,0,0,0,0,0,0,0,0,0
wordpress-translations,0,1,merged-average,true,id,0,0,0,0,0,0,0,0,0,0,0,0,0,0,0,0,0,0,0,0,0,50,0,0,0,0,0,0,0,0,0,0,0,0,0,0,0,0,0,0,0,0,0,0,0,0,0,0,0,0,0,0,0,0,0,0
wordpress-translations,0,1,merged-average,true,it,0,0,0,0,0,0,0,0,0,0,0,0,0,0,0,0,0,0,0,0,0,0,50,0,0,0,0,0,0,0,0,0,0,0,0,0,0,0,0,0,0,0,0,0,0,0,0,0,0,0,0,0,0,0,0,0
wordpress-translations,0,1,merged-average,true,ja,0,0,0,0,0,0,0,0,0,0,0,0,0,0,0,0,0,0,0,0,0,0,0,50,0,0,0,0,0,0,0,0,0,0,0,0,0,0,0,0,0,0,0,0,0,0,0,0,0,0,0,0,0,0,0,0
wordpress-translations,0,1,merged-average,true,kn,0,0,0,0,0,0,0,0,0,0,0,0,0,0,0,0,0,0,0,0,0,0,0,0,50,0,0,0,0,0,0,0,0,0,0,0,0,0,0,0,0,0,0,0,0,0,0,0,0,0,0,0,0,0,0,0
wordpress-translations,0,1,merged-average,true,ko,0,0,0,0,0,0,0,0,0,0,0,0,0,0,0,0,0,0,0,0,0,0,0,0,0,50,0,0,0,0,0,0,0,0,0,0,0,0,0,0,0,0,0,0,0,0,0,0,0,0,0,0,0,0,0,0
wordpress-translations,0,1,merged-average,true,lt,0,0,0,0,0,0,0,0,0,0,0,0,0,0,0,0,0,0,0,0,0,0,0,0,0,0,50,0,0,0,0,0,0,0,0,0,0,0,0,0,0,0,0,0,0,0,0,0,0,0,0,0,0,0,0,0
wordpress-translations,0,1,merged-average,true,lv,0,0,0,0,0,0,0,0,0,0,0,0,0,0,0,0,0,0,0,0,0,0,0,0,0,0,0,50,0,0,0,0,0,0,0,0,0,0,0,0,0,0,0,0,0,0,0,0,0,0,0,0,0,0,0,0
wordpress-translations,0,1,merged-average,true,mk,0,0,0,0,0,0,0,0,0,0,0,0,0,0,0,0,0,0,0,0,0,0,0,0,0,0,0,0,50,0,0,0,0,0,0,0,0,0,0,0,0,0,0,0,0,0,0,0,0,0,0,0,0,0,0,0
wordpress-translations,0,1,merged-average,true,ml,0,0,0,0,0,0,0,0,0,0,0,0,0,0,0,0,0,0,0,0,0,0,0,0,0,0,0,0,0,50,0,0,0,0,0,0,0,0,0,0,0,0,0,0,0,0,0,0,0,0,0,0,0,0,0,0
wordpress-translations,0,1,merged-average,true,mr,0,0,0,0,0,0,0,0,0,0,0,0,0,0,0,0,0,0,1,0,0,0,0,0,0,0,0,0,0,0,49,0,0,0,0,0,0,0,0,0,0,0,0,0,0,0,0,0,0,0,0,0,0,0,0,0
wordpress-translations,0,1,merged-average,true,ne,0,0,0,0,0,0,0,0,0,0,0,0,0,0,0,0,0,0,0,0,0,0,0,0,0,0,0,0,0,0,0,50,0,0,0,0,0,0,0,0,0,0,0,0,0,0,0,0,0,0,0,0,0,0,0,0
wordpress-translations,0,1,merged-average,true,nl,0,0,0,0,0,0,0,0,0,0,0,0,0,0,0,0,0,0,0,0,0,0,0,0,0,0,0,0,0,0,0,0,50,0,0,0,0,0,0,0,0,0,0,0,0,0,0,0,0,0,0,0,0,0,0,0
wordpress-translations,0,1,merged-average,true,no,0,0,0,0,0,0,0,1,0,0,0,0,0,0,0,0,0,0,0,0,0,0,0,0,0,0,0,0,0,0,0,0,0,49,0,0,0,0,0,0,0,0,0,0,0,0,0,0,0,0,0,0,0,0,0,0
wordpress-translations,0,1,merged-average,true,pa,0,0,0,0,0,0,0,0,0,0,0,0,0,0,0,0,0,0,0,0,0,0,0,0,0,0,0,0,0,0,0,0,0,0,50,0,0,0,0,0,0,0,0,0,0,0,0,0,0,0,0,0,0,0,0,0
wordpress-translations,0,1,merged-average,true,pl,0,0,0,0,0,0,0,0,0,0,0,0,0,0,0,0,0,0,0,0,0,0,0,0,0,0,0,0,0,0,0,0,0,0,0,50,0,0,0,0,0,0,0,0,0,0,0,0,0,0,0,0,0,0,0,0
wordpress-translations,0,1,merged-average,true,pt,0,0,0,0,0,0,0,0,0,0,0,0,0,0,0,0,0,0,0,0,0,0,0,0,0,0,0,0,0,0,0,0,0,0,0,0,50,0,0,0,0,0,0,0,0,0,0,0,0,0,0,0,0,0,0,0
wordpress-translations,0,1,merged-average,true,ro,0,0,0,0,0,0,0,0,0,0,0,0,0,0,0,0,0,0,0,0,0,0,0,0,0,0,0,0,0,0,0,0,0,0,0,0,0,50,0,0,0,0,0,0,0,0,0,0,0,0,0,0,0,0,0,0
wordpress-translations,0,1,merged-average,true,ru,0,0,0,0,0,0,0,0,0,0,0,0,0,0,0,0,0,0,0,0,0,0,0,0,0,0,0,0,0,0,0,0,0,0,0,0,0,0,50,0,0,0,0,0,0,0,0,0,0,0,0,0,0,0,0,0
wordpress-translations,0,1,merged-average,true,si,0,0,0,0,0,0,0,0,0,0,0,0,0,0,0,0,0,0,0,0,0,0,0,0,0,0,0,0,0,0,0,0,0,0,0,0,0,0,0,50,0,0,0,0,0,0,0,0,0,0,0,0,0,0,0,0
wordpress-translations,0,1,merged-average,true,sk,0,0,0,0,0,0,1,0,0,0,0,0,0,0,0,0,0,0,0,0,0,0,0,0,0,0,0,0,0,0,0,0,0,0,0,0,0,0,0,0,49,0,0,0,0,0,0,0,0,0,0,0,0,0,0,0
wordpress-translations,0,1,merged-average,true,sl,0,0,0,0,0,0,0,0,0,0,0,0,0,0,0,0,0,0,0,0,0,0,0,0,0,0,0,0,0,0,0,0,0,0,0,0,0,0,0,0,0,50,0,0,0,0,0,0,0,0,0,0,0,0,0,0
wordpress-translations,0,1,merged-average,true,so,0,0,0,0,0,0,0,0,0,0,0,0,0,0,0,0,0,0,0,0,0,0,0,0,0,0,0,0,0,0,0,0,0,0,0,0,0,0,0,0,0,0,50,0,0,0,0,0,0,0,0,0,0,0,0,0
wordpress-translations,0,1,merged-average,true,sq,0,0,0,0,0,0,0,0,0,0,0,0,0,0,0,0,0,0,0,0,0,0,0,0,0,0,0,0,0,0,0,0,0,0,0,0,0,0,0,0,0,0,0,50,0,0,0,0,0,0,0,0,0,0,0,0
wordpress-translations,0,1,merged-average,true,sv,0,0,0,0,0,0,0,0,0,0,0,0,0,0,0,0,0,0,0,0,0,0,0,0,0,0,0,0,0,0,0,0,0,0,0,0,0,0,0,0,0,0,0,0,50,0,0,0,0,0,0,0,0,0,0,0
wordpress-translations,0,1,merged-average,true,sw,0,0,0,0,0,0,0,0,0,0,1,0,0,0,0,0,0,0,0,0,0,1,0,0,0,0,0,0,0,0,0,0,0,0,0,0,0,0,0,0,0,0,0,0,0,48,0,0,0,0,0,0,0,0,0,0
wordpress-translations,0,1,merged-average,true,ta,0,0,0,0,0,0,0,0,0,0,0,0,0,0,0,0,0,0,0,0,0,0,0,0,0,0,0,0,0,0,0,0,0,0,0,0,0,0,0,0,0,0,0,0,0,0,50,0,0,0,0,0,0,0,0,0
wordpress-translations,0,1,merged-average,true,te,0,0,0,0,0,0,0,0,0,0,1,0,0,0,0,0,0,0,0,0,0,0,0,0,0,0,0,0,0,0,0,0,0,0,0,0,0,0,0,0,0,0,0,0,0,0,0,49,0,0,0,0,0,0,0,0
wordpress-translations,0,1,merged-average,true,th,0,0,0,0,0,0,0,0,0,0,0,0,0,0,0,0,0,0,0,0,0,0,0,0,0,0,0,0,0,0,0,0,0,0,0,0,0,0,0,0,0,0,0,0,0,0,0,0,50,0,0,0,0,0,0,0
wordpress-translations,0,1,merged-average,true,tl,0,0,0,0,0,0,0,0,0,0,0,0,0,0,0,0,0,0,0,0,0,0,0,0,0,0,0,0,0,0,0,0,0,0,0,0,0,0,0,0,0,0,0,0,0,0,0,0,0,50,0,0,0,0,0,0
wordpress-translations,0,1,merged-average,true,tr,0,0,0,0,0,0,0,0,0,0,0,0,0,0,0,0,0,0,0,0,0,0,0,0,0,0,0,0,0,0,0,0,0,0,0,0,0,0,0,0,0,0,0,0,0,0,0,0,0,0,50,0,0,0,0,0
wordpress-translations,0,1,merged-average,true,uk,0,0,0,0,0,0,0,0,0,0,0,0,0,0,0,0,0,0,0,0,0,0,0,0,0,0,0,0,0,0,0,0,0,0,0,0,0,0,0,0,0,0,0,0,0,0,0,0,0,0,0,50,0,0,0,0
wordpress-translations,0,1,merged-average,true,ur,0,0,0,0,0,0,0,0,0,0,0,0,0,0,0,0,0,0,0,0,0,0,0,0,0,0,0,0,0,0,0,0,0,0,0,0,0,0,0,0,0,0,0,0,0,0,0,0,0,0,0,0,50,0,0,0
wordpress-translations,0,1,merged-average,true,vi,0,0,0,0,0,0,0,0,0,0,0,0,0,0,0,0,0,0,0,0,0,0,0,0,0,0,0,0,0,0,0,0,0,0,0,0,0,0,0,0,0,0,0,0,0,0,0,0,0,0,0,0,0,50,0,0
wordpress-translations,0,1,merged-average,true,zh-cn,0,0,0,0,0,0,0,0,0,0,1,0,0,0,0,0,0,0,0,0,0,0,0,0,0,0,0,0,0,0,0,0,0,0,0,0,0,0,0,0,0,0,0,0,0,0,0,0,0,0,0,0,0,0,47,2
wordpress-translations,0,1,merged-average,true,zh-tw,0,0,0,0,0,0,0,0,0,0,1,0,0,0,0,0,0,0,0,0,0,0,0,0,0,0,0,0,0,0,0,0,0,0,0,0,0,0,0,0,0,0,0,0,0,0,0,0,0,0,0,0,0,0,0,49
wordpress-translations,5,10,merged-average,true,af,0,129,0,0,0,10,4,35,15,0,16,3,15,0,9,27,0,0,0,2,4,17,7,0,0,0,4,4,0,0,0,0,64,16,0,13,19,8,0,0,4,4,19,7,4,7,0,0,0,26,7,0,0,1,0,0
wordpress-translations,5,10,merged-average,true,ar,1,1,408,0,0,1,0,0,3,0,5,1,0,57,0,1,0,0,0,1,0,1,2,0,0,0,0,0,0,0,0,0,0,1,0,0,0,0,0,0,0,0,1,0,0,0,0,0,0,1,0,0,15,0,0,0
wordpress-translations,5,10,merged-average,true,bg,2,1,0,192,0,3,0,0,4,0,3,0,0,0,0,1,0,0,0,1,0,1,0,0,0,0,0,1,188,0,0,0,0,0,0,0,0,0,67,0,0,0,0,0,1,1,0,0,0,1,1,31,0,1,0,0
wordpress-translations,5,10,merged-average,true,bn,1,0,0,0,487,0,0,1,1,0,1,0,2,0,0,0,0,0,0,1,0,0,0,0,0,0,0,0,0,0,0,0,0,0,0,0,1,2,0,0,0,0,0,0,0,1,0,0,0,2,0,0,0,0,0,0
wordpress-translations,5,10,merged-average,true,ca,2,9,0,0,0,120,2,9,8,0,14,57,5,0,7,55,0,0,0,5,7,5,42,0,0,0,2,8,0,0,0,0,7,11,0,3,42,17,0,0,10,10,8,3,9,4,0,0,0,12,4,0,0,3,0,0
wordpress-translations,5,10,merged-average,true,cs,1,2,0,0,0,9,188,4,7,0,7,7,12,0,3,11,0,0,0,33,23,5,21,0,0,0,4,1,0,0,0,0,3,8,0,12,26,9,0,0,53,17,4,5,0,6,0,0,0,13,5,0,0,1,0,0
wordpress-translations,5,10,merged-average,true,da,0,33,0,0,0,7,1,152,13,0,17,6,10,0,6,26,0,0,0,4,3,18,14,0,0,0,10,5,0,0,0,0,19,66,0,3,8,8,0,0,6,8,8,7,16,4,0,0,0,13,7,0,0,2,0,0
wordpress-translations,5,10,merged-average,true,de,1,51,0,0,0,19,1,29,151,0,20,8,13,0,10,21,0,0,0,4,3,8,11,0,0,0,3,6,0,0,0,0,38,16,0,7,16,4,0,0,4,0,3,10,15,5,0,0,0,12,7,0,0,4,0,0
wordpress-translations,5,10,merged-average,true,el,0,0,0,0,0,2,0,0,3,485,4,0,0,0,0,0,0,0,0,0,0,0,2,0,0,0,0,0,0,0,0,0,0,0,0,0,1,0,0,0,0,0,0,0,0,0,0,0,0,1,0,0,0,2,0,0
wordpress-translations,5,10,merged-average,true,en,0,26,0,0,0,20,0,27,9,0,169,11,5,0,2,45,0,0,0,4,0,5,31,0,0,0,0,4,0,0,0,0,14,11,0,2,26,32,0,0,3,3,2,9,14,0,0,0,0,18,2,0,0,6,0,0
wordpress-translations,5,10,merged-average,true,es,0,7,0,0,0,35,4,13,6,0,15,143,5,0,6,39,0,0,0,6,8,12,51,0,0,0,6,4,0,0,0,0,7,6,0,0,54,23,0,0,4,2,7,7,12,3,0,0,0,9,5,0,0,1,0,0
wordpress-translations,5,10,merged-average,true,et,0,10,0,0,0,6,1,12,8,0,16,8,158,0,54,16,0,0,0,11,2,12,18,0,0,0,9,10,0,0,0,0,15,5,0,0,16,10,0,0,2,3,36,14,5,8,0,0,0,22,9,0,0,4,0,0
wordpress-translations,5,10,merged-average,true,fa,0,0,51,0,0,6,0,0,1,0,2,0,0,395,0,0,0,0,0,0,0,1,0,0,0,0,1,0,0,0,0,0,0,0,0,1,0,1,0,0,0,0,0,0,0,1,0,0,0,1,0,0,38,1,0,0
wordpress-translations,5,10,merged-average,true,fi,2,13,0,0,0,14,0,3,6,0,8,2,27,0,241,16,0,0,0,4,9,11,13,0,0,0,7,14,0,0,0,0,16,9,0,0,9,8,0,0,2,2,18,4,11,3,0,0,0,20,4,0,0,4,0,0
wordpress-translations,5,10,merged-average,true,fr,0,16,0,0,0,17,3,17,6,0,23,19,7,0,14,193,0,0,0,1,7,5,38,0,0,0,2,8,0,0,0,0,12,14,0,2,29,26,0,0,8,3,1,11,3,1,0,0,0,11,1,0,0,2,0,0
wordpress-translations,5,10,merged-average,true,gu,2,0,0,0,0,1,0,1,4,0,3,1,1,0,0,2,476,0,0,0,0,1,2,0,0,0,0,0,0,0,0,0,0,0,0,0,1,1,0,0,0,0,0,0,0,0,0,0,0,2,0,0,0,2,0,0
wordpress-translations,5,10,merged-average,true,he,1,1,0,0,0,4,0,0,2,0,0,0,1,0,0,3,0,483,0,0,0,0,0,0,0,0,0,0,0,0,0,0,0,0,0,0,0,2,0,0,0,0,0,0,0,1,0,0,0,1,0,0,0,1,0,0
wordpress-translations,5,10,merged-average,true,hi,0,0,0,0,0,1,0,0,2,0,1,0,0,0,0,0,0,0,361,0,0,0,1,0,0,0,0,0,0,0,59,72,0,0,0,0,0,1,0,0,0,0,0,0,0,0,0,0,0,1,0,0,0,1,0,0
wordpress-translations,5,10,merged-average,true,hr,3,5,0,0,0,10,9,2,13,0,10,7,10,0,10,5,0,0,0,154,1,15,16,0,0,0,6,6,0,0,0,0,6,7,0,13,24,11,0,0,23,61,8,16,1,18,0,0,0,23,7,0,0,0,0,0
wordpress-translations,5,10,merged-average,true,hu,0,7,0,0,0,18,10,14,7,0,7,9,9,0,13,7,0,0,0,5,272,6,3,0,0,0,1,2,0,0,0,0,11,16,0,8,15,1,0,0,8,4,6,6,4,5,0,0,0,17,9,0,0,0,0,0
wordpress-translations,5,10,merged-average,true,id,1,15,0,0,0,14,1,13,8,0,12,8,11,0,9,13,0,0,0,7,4,171,16,0,0,0,12,7,0,0,0,0,8,11,0,3,21,16,0,0,4,2,9,10,7,21,0,0,0,57,9,0,0,0,0,0
wordpress-translations,5,10,merged-average,true,it,2,4,0,0,0,28,2,17,9,0,20,26,6,0,15,25,0,0,0,15,3,7,161,0,0,0,7,2,0,0,0,0,5,10,0,4,40,25,0,0,3,4,3,7,9,12,0,0,0,16,7,0,0,6,0,0
wordpress-translations,5,10,merged-average,true,ja,1,2,0,0,0,5,0,2,4,0,7,0,0,0,0,3,0,0,0,0,0,1,1,460,0,0,0,3,0,0,0,0,0,0,0,0,2,0,0,0,1,1,0,0,1,0,0,0,0,2,0,0,0,0,4,0
wordpress-translations,5,10,merged-average,true,kn,1,1,0,0,0,5,0,0,0,0,0,0,0,0,0,1,0,0,0,0,0,0,0,0,486,0,0,0,0,0,0,0,0,0,0,0,0,1,0,0,0,1,0,0,0,0,0,0,0,3,1,0,0,0,0,0
wordpress-translations,5,10,merged-average,true,ko,2,1,0,0,0,5,0,1,6,0,6,2,0,0,0,1,0,0,0,1,0,0,3,0,0,461,0,1,0,0,0,0,0,1,0,0,2,2,0,0,2,0,0,0,0,0,0,0,0,3,0,0,0,0,0,0
wordpress-translations,5,10,merged-average,true,lt,2,14,0,0,0,6,1,4,8,0,3,5,22,0,14,10,0,0,0,18,1,15,23,0,0,0,193,40,0,0,0,0,0,12,0,5,18,21,0,0,6,10,10,9,6,7,0,0,0,12,5,0,0,0,0,0
wordpress-translations,5,10,merged-average,true,lv,0,5,0,0,0,6,4,12,7,0,9,5,12,0,10,17,0,0,0,17,2,16,11,0,0,0,19,263,0,0,0,0,6,11,0,5,9,10,0,0,4,7,4,7,6,3,0,0,0,8,3,0,0,2,0,0
wordpress-translations,5,10,merged-average,true,mk,2,1,0,72,0,2,0,0,3,0,4,0,0,0,0,0,0,0,0,0,0,1,1,0,0,0,0,0,341,0,0,0,0,1,0,0,0,3,54,0,0,0,0,0,1,0,0,0,0,2,0,12,0,0,0,0
wordpress-translations,5,10,merged-average,true,ml,4,0,0,0,0,0,0,1,3,0,3,0,0,0,0,1,0,0,0,0,0,0,1,0,0,0,0,0,0,482,0,0,0,0,0,0,0,1,0,0,0,0,0,0,0,0,0,0,0,4,0,0,0,0,0,0
wordpress-translations,5,10,merged-average,true,mr,2,0,0,0,0,1,0,1,3,0,4,0,1,0,0,0,0,0,153,0,0,0,0,0,0,0,0,0,0,0,253,77,0,0,0,0,1,0,0,0,0,0,1,1,0,1,0,0,0,1,0,0,0,0,0,0
wordpress-translations,5,10,merged-average,true,ne,1,0,0,0,0,0,0,1,1,0,3,0,0,0,0,1,0,0,105,1,0,0,0,0,0,0,1,0,0,0,58,323,0,1,0,0,0,1,0,0,0,0,0,0,0,1,0,0,0,2,0,0,0,0,0,0
wordpress-translations,5,10,merged-average,true,nl,1,76,0,0,0,14,1,35,20,0,26,8,9,0,8,15,0,0,0,9,2,5,20,0,0,0,2,3,0,0,0,0,123,18,0,6,8,15,0,0,3,10,14,17,4,5,0,0,0,18,4,0,0,1,0,0
wordpress-translations,5,10,merged-average,true,no,2,28,0,0,0,10,2,92,14,0,13,4,10,0,17,25,0,0,0,8,3,12,11,0,0,0,4,4,0,0,0,0,16,139,0,0,16,4,0,0,1,6,4,11,24,1,0,0,0,12,5,0,0,2,0,0
wordpress-translations,5,10,merged-average,true,pa,0,0,0,0,0,0,0,0,0,0,3,0,0,0,0,0,0,0,0,0,0,0,0,0,0,0,0,0,0,0,0,0,1,0,495,0,0,0,0,0,0,0,0,0,0,0,0,0,0,1,0,0,0,0,0,0
wordpress-translations,5,10,merged-average,true,pl,2,11,0,0,0,1,3,3,9,0,12,7,12,0,6,3,0,0,0,19,4,7,9,0,0,0,2,7,0,0,0,0,2,4,0,269,20,13,0,0,7,10,7,7,1,19,0,0,0,18,0,0,0,6,0,0
wordpress-translations,5,10,merged-average,true,pt,1,8,0,0,0,26,10,16,7,0,10,49,8,0,7,24,0,0,0,13,7,8,44,0,0,0,3,3,0,0,0,0,9,13,0,1,152,30,0,0,13,7,3,2,8,1,0,0,0,11,3,0,0,3,0,0
wordpress-translations,5,10,merged-average,true,ro,2,9,0,0,0,19,2,8,7,0,13,25,7,0,9,21,0,0,0,10,5,5,37,0,0,0,6,3,0,0,0,0,9,4,0,3,18,236,0,0,5,4,2,5,8,4,0,0,0,8,5,0,0,1,0,0
wordpress-translations,5,10,merged-average,true,ru,0,0,0,82,0,1,0,1,1,0,2,0,0,0,0,0,0,0,0,0,0,0,1,0,0,0,0,1,97,0,0,0,0,0,0,0,3,1,261,0,0,0,0,1,0,0,0,0,0,2,0,46,0,0,0,0
wordpress-translations,5,10,merged-average,true,si,0,2,0,0,0,4,0,1,4,0,2,0,2,0,0,2,0,0,0,2,0,0,0,0,0,0,0,0,0,0,0,0,0,0,0,0,0,0,0,474,0,0,0,0,0,3,0,0,0,0,1,0,0,3,0,0
wordpress-translations,5,10,merged-average,true,sk,0,9,0,0,0,7,80,9,5,0,12,16,10,0,9,9,0,0,0,23,20,12,12,0,0,0,4,7,0,0,0,0,4,10,0,15,23,9,0,0,113,28,6,17,3,5,0,0,0,20,1,0,0,2,0,0
wordpress-translations,5,10,merged-average,true,sl,1,11,0,0,0,9,15,7,7,0,10,5,9,0,10,5,0,0,0,58,2,11,20,0,0,0,21,4,0,0,0,0,3,11,0,13,21,16,0,0,27,133,8,23,2,16,0,0,0,18,4,0,0,0,0,0
wordpress-translations,5,10,merged-average,true,so,0,9,0,0,0,9,0,9,8,0,8,7,9,0,11,2,0,0,0,6,2,23,12,0,0,0,8,1,0,0,0,0,17,3,0,2,19,5,0,0,0,0,272,2,8,18,0,0,0,24,6,0,0,0,0,0
wordpress-translations,5,10,merged-average,true,sq,0,5,0,0,0,11,1,6,12,0,8,6,9,0,16,7,0,0,0,16,0,6,6,0,0,0,6,2,0,0,0,0,4,7,0,6,23,12,0,0,7,17,3,267,4,22,0,0,0,9,1,0,0,1,0,0
wordpress-translations,5,10,merged-average,true,sv,2,16,0,0,0,22,1,52,14,0,19,10,6,0,16,13,0,0,0,7,5,13,15,0,0,0,6,5,0,0,0,0,16,47,0,1,10,12,0,0,5,1,7,10,129,2,0,0,0,30,7,0,0,1,0,0
wordpress-translations,5,10,merged-average,true,sw,1,3,0,0,0,8,0,5,8,0,12,6,10,0,17,7,0,0,0,17,19,22,29,0,0,0,5,10,0,0,0,0,6,4,0,11,11,15,0,0,3,4,37,17,1,153,0,0,0,50,7,0,0,2,0,0
wordpress-translations,5,10,merged-average,true,ta,0,1,0,0,0,0,0,2,3,0,2,0,0,0,0,1,0,0,0,0,0,0,2,0,0,0,1,0,0,0,0,0,0,1,0,0,0,0,0,0,0,0,0,0,0,1,486,0,0,0,0,0,0,0,0,0
wordpress-translations,5,10,merged-average,true,te,0,0,0,0,0,0,0,0,0,0,2,0,0,0,0,1,0,0,0,1,0,0,1,0,0,0,0,0,0,0,0,0,0,0,0,0,0,1,0,0,0,0,0,1,1,2,0,489,0,1,0,0,0,0,0,0
wordpress-translations,5,10,merged-average,true,th,1,0,0,0,0,0,0,0,2,0,9,0,1,0,0,0,0,0,0,1,0,2,0,0,0,0,0,0,0,0,0,0,2,0,0,0,0,1,0,0,1,0,0,0,0,3,0,0,476,0,1,0,0,0,0,0
wordpress-translations,5,10,merged-average,true,tl,1,5,0,0,0,15,2,9,9,0,19,6,8,0,7,6,0,0,0,2,3,23,30,0,0,0,3,5,0,0,0,0,2,9,0,5,15,9,0,0,3,2,32,8,0,14,0,0,0,245,3,0,0,0,0,0
wordpress-translations,5,10,merged-average,true,tr,1,11,0,0,0,10,1,13,14,0,7,15,9,0,16,3,0,0,0,7,3,12,16,0,0,0,3,8,0,0,0,0,2,9,0,1,9,10,0,0,2,9,7,10,7,9,0,0,0,18,258,0,0,0,0,0
wordpress-translations,5,10,merged-average,true,uk,2,1,0,60,0,0,0,0,6,0,3,0,0,0,0,3,0,0,0,1,0,1,0,0,0,0,0,0,102,0,0,0,0,0,0,0,1,3,82,0,0,0,0,2,0,0,0,0,0,1,0,232,0,0,0,0
wordpress-translations,5,10,merged-average,true,ur,0,0,44,0,0,5,0,0,6,0,0,0,0,75,0,4,0,0,0,0,0,0,0,0,0,0,1,0,0,0,0,0,0,2,0,0,2,1,0,0,0,0,0,0,1,2,0,0,0,2,0,0,355,0,0,0
wordpress-translations,5,10,merged-average,true,vi,2,2,0,0,0,3,1,4,3,0,9,0,1,0,3,7,0,0,0,2,1,2,7,0,0,0,2,4,0,0,0,0,1,3,0,1,6,2,0,0,4,0,2,0,0,0,0,0,0,14,0,0,0,414,0,0
wordpress-translations,5,10,merged-average,true,zh-cn,0,9,0,0,0,9,0,1,9,0,8,1,1,0,0,5,0,0,0,2,0,0,3,0,0,0,1,3,0,0,0,0,0,0,0,2,2,0,0,0,3,0,0,0,2,4,0,0,0,0,0,0,0,0,419,16
wordpress-translations,5,10,merged-average,true,zh-tw,3,5,0,0,0,10,0,6,7,0,18,0,1,0,0,3,0,0,0,2,0,0,4,0,0,0,0,1,0,0,0,0,1,1,0,0,2,0,0,0,1,1,0,1,0,2,0,0,0,1,0,0,0,0,68,362
wordpress-translations,10,10,merged-average,true,af,0,211,0,0,0,9,4,21,9,0,31,2,12,0,4,5,0,0,0,1,0,10,2,0,0,0,2,2,0,0,0,0,103,15,0,7,15,7,0,0,0,0,4,3,2,3,0,0,0,15,1,0,0,0,0,0
wordpress-translations,10,10,merged-average,true,ar,0,0,463,0,0,1,0,0,1,0,4,0,0,21,1,1,0,0,0,1,0,0,1,0,0,0,2,0,0,0,0,0,0,2,0,0,1,0,0,0,0,0,0,0,0,0,0,0,0,1,0,0,0,0,0,0
wordpress-translations,10,10,merged-average,true,bg,1,3,0,297,0,0,0,0,0,0,7,0,1,0,0,0,0,0,0,1,0,0,0,0,0,0,0,0,147,0,0,0,0,0,0,1,1,0,35,0,0,0,0,1,0,0,0,0,0,0,0,5,0,0,0,0
wordpress-translations,10,10,merged-average,true,bn,0,0,0,0,486,1,0,0,4,0,5,0,0,0,0,0,0,0,0,0,0,0,0,0,0,0,1,0,0,0,0,0,0,0,0,0,0,0,0,0,0,0,0,0,0,1,0,0,0,2,0,0,0,0,0,0
wordpress-translations,10,10,merged-average,true,ca,0,3,0,0,0,193,1,5,3,0,17,74,1,0,0,47,0,0,0,5,0,4,25,0,0,0,2,4,0,0,0,0,2,7,0,1,61,24,0,0,7,1,2,1,3,1,0,0,0,4,1,0,0,1,0,0
wordpress-translations,10,10,merged-average,true,cs,3,1,0,0,0,3,323,2,0,0,7,9,6,0,1,1,0,0,0,12,10,3,5,0,0,0,2,1,0,0,0,0,2,2,0,5,15,5,0,0,61,5,0,7,1,3,0,0,0,2,3,0,0,0,0,0
wordpress-translations,10,10,merged-average,true,da,0,21,0,0,0,4,1,238,3,0,18,1,10,0,1,14,0,0,0,5,1,28,9,0,0,0,4,1,0,0,0,0,15,76,0,3,6,8,0,0,1,0,0,3,17,0,0,0,0,9,2,0,0,1,0,0
wordpress-translations,10,10,merged-average,true,de,0,48,0,0,0,6,0,20,299,0,25,3,7,0,1,16,0,0,0,0,0,2,11,0,0,0,1,3,0,0,0,0,15,12,0,0,5,3,0,0,1,0,0,1,15,0,0,0,0,6,0,0,0,0,0,0
wordpress-translations,10,10,merged-average,true,el,2,0,0,0,0,1,0,0,0,486,6,1,0,0,0,0,0,0,0,0,0,0,1,0,0,0,1,0,0,0,0,0,0,0,0,0,1,0,0,0,0,0,0,0,0,0,0,0,0,1,0,0,0,0,0,0
wordpress-translations,10,10,merged-average,true,en,0,12,0,0,0,10,0,20,6,0,318,10,3,0,1,22,0,0,0,2,0,5,20,0,0,0,0,1,0,0,0,0,9,5,0,2,7,19,0,0,0,1,1,1,6,0,0,0,0,19,0,0,0,0,0,0
wordpress-translations,10,10,merged-average,true,es,0,3,0,0,0,22,2,5,6,0,9,271,3,0,1,22,0,0,0,1,5,3,36,0,0,0,4,2,0,0,0,0,7,1,0,0,61,15,0,0,2,1,2,3,0,2,0,0,0,8,3,0,0,0,0,0
wordpress-translations,10,10,merged-average,true,et,1,6,0,0,0,4,0,2,4,0,7,5,325,0,35,7,0,0,0,5,1,9,17,0,0,0,2,0,0,0,0,0,13,3,0,1,9,9,0,0,0,2,11,3,3,0,0,0,0,9,7,0,0,0,0,0
wordpress-translations,10,10,merged-average,true,fa,0,2,19,0,0,5,0,1,0,0,4,0,0,444,0,0,0,0,0,1,0,1,0,0,0,0,1,0,0,0,0,0,0,0,0,0,0,0,0,0,0,0,0,0,0,0,0,0,0,0,0,0,22,0,0,0
wordpress-translations,10,10,merged-average,true,fi,1,3,0,0,0,0,1,2,2,0,8,5,19,0,404,2,0,0,0,2,1,4,4,0,0,0,4,2,0,0,0,0,3,5,0,0,6,1,0,0,1,2,4,3,2,0,0,0,0,9,0,0,0,0,0,0
wordpress-translations,10,10,merged-average,true,fr,0,8,0,0,0,18,0,15,7,0,18,17,0,0,2,333,0,0,0,3,3,0,16,0,0,0,1,3,0,0,0,0,11,6,0,0,15,14,0,0,0,2,0,1,0,0,0,0,0,5,2,0,0,0,0,0
wordpress-translations,10,10,merged-average,true,gu,1,0,0,0,0,0,0,0,1,0,7,1,0,0,0,0,481,0,0,4,0,0,0,0,0,0,0,0,0,0,0,0,0,1,0,0,2,1,0,0,0,0,1,0,0,0,0,0,0,0,0,0,0,0,0,0
wordpress-translations,10,10,merged-average,true,he,0,0,0,0,0,2,0,0,0,0,2,0,0,0,0,0,0,493,0,0,0,0,0,0,0,0,0,0,0,0,0,0,0,1,0,0,0,0,0,0,0,0,0,0,0,0,0,0,0,2,0,0,0,0,0,0
wordpress-translations,10,10,merged-average,true,hi,2,0,0,0,0,1,0,0,2,0,1,0,0,0,0,0,0,0,417,0,0,0,0,0,0,0,0,0,0,0,35,42,0,0,0,0,0,0,0,0,0,0,0,0,0,0,0,0,0,0,0,0,0,0,0,0
wordpress-translations,10,10,merged-average,true,hr,1,0,0,0,0,1,10,5,4,0,12,5,5,0,6,0,0,0,0,284,1,2,17,0,0,0,5,2,0,0,0,0,0,10,0,4,10,14,0,0,6,71,0,7,0,7,0,0,0,10,1,0,0,0,0,0
wordpress-translations,10,10,merged-average,true,hu,0,1,0,0,0,3,3,1,3,0,11,0,4,0,7,2,0,0,0,3,407,3,2,0,0,0,0,0,0,0,0,0,4,12,0,1,5,0,0,0,0,2,1,3,5,2,0,0,0,5,9,0,0,1,0,0
wordpress-translations,10,10,merged-average,true,id,1,14,0,0,0,2,0,11,4,0,9,3,10,0,9,3,0,0,0,7,2,286,8,0,0,0,7,1,0,0,0,0,3,12,0,0,12,13,0,0,1,0,1,1,0,17,0,0,0,59,4,0,0,0,0,0
wordpress-translations,10,10,merged-average,true,it,2,4,0,0,0,14,0,10,1,0,23,13,1,0,1,21,0,0,0,1,1,9,313,0,0,0,6,1,0,0,0,0,3,8,0,3,15,30,0,0,3,2,0,3,4,0,0,0,0,7,1,0,0,0,0,0
wordpress-translations,10,10,merged-average,true,ja,1,0,0,0,0,4,0,1,2,0,16,0,0,0,0,0,0,0,0,1,0,0,2,463,0,0,2,0,0,0,0,0,0,2,0,0,0,0,0,0,3,0,0,0,0,0,0,0,0,1,0,0,0,0,0,2
wordpress-translations,10,10,merged-average,true,kn,0,0,0,0,0,3,0,0,0,0,4,0,0,0,0,0,0,0,0,0,0,0,0,0,489,0,0,0,0,0,0,0,0,0,0,0,0,3,0,0,0,0,0,0,0,0,0,0,0,1,0,0,0,0,0,0
wordpress-translations,10,10,merged-average,true,ko,0,1,0,0,0,0,0,1,0,0,6,0,0,0,0,0,0,0,0,0,0,0,1,0,0,485,0,0,0,0,0,0,1,0,0,1,0,0,0,0,2,0,0,0,0,0,0,0,0,2,0,0,0,0,0,0
wordpress-translations,10,10,merged-average,true,lt,2,4,0,0,0,1,1,0,3,0,5,7,11,0,12,4,0,0,0,16,0,0,11,0,0,0,354,12,0,0,0,0,2,2,0,4,10,10,0,0,4,4,2,2,2,0,0,0,0,14,1,0,0,0,0,0
wordpress-translations,10,10,merged-average,true,lv,2,6,0,0,0,9,0,3,0,0,7,3,3,0,2,12,0,0,0,12,0,3,5,0,0,0,25,365,0,0,0,0,0,8,0,2,5,4,0,0,2,3,0,4,5,2,0,0,0,6,2,0,0,0,0,0
wordpress-translations,10,10,merged-average,true,mk,0,1,0,54,0,2,0,1,0,0,1,0,0,0,0,0,0,0,0,0,0,0,1,0,0,0,1,0,415,0,0,0,0,1,0,0,0,1,18,0,0,0,0,0,0,0,0,0,0,0,0,3,0,1,0,0
wordpress-translations,10,10,merged-average,true,ml,2,0,0,0,0,1,0,0,0,0,5,0,0,0,0,1,0,0,0,0,0,1,0,0,0,0,0,0,0,487,0,0,0,2,0,0,1,0,0,0,0,0,0,0,0,0,0,0,0,0,0,0,0,0,0,0
wordpress-translations,10,10,merged-average,true,mr,1,0,0,0,0,0,0,1,1,0,1,0,0,0,0,0,0,0,120,0,0,0,0,0,0,0,0,0,0,0,340,33,0,1,0,0,0,0,0,0,0,0,0,0,0,0,0,0,0,2,0,0,0,0,0,0
wordpress-translations,10,10,merged-average,true,ne,1,0,0,0,0,0,0,0,0,0,7,0,0,0,0,0,0,0,61,2,0,0,0,0,0,0,0,0,0,0,33,395,0,0,0,0,1,0,0,0,0,0,0,0,0,0,0,0,0,0,0,0,0,0,0,0
wordpress-translations,10,10,merged-average,true,nl,0,89,0,0,0,9,0,13,13,0,26,5,6,0,2,13,0,0,0,3,0,9,5,0,0,0,0,0,0,0,0,0,257,15,0,3,5,7,0,0,1,5,0,6,2,0,0,0,0,5,1,0,0,0,0,0
wordpress-translations,10,10,merged-average,true,no,0,21,0,0,0,6,0,95,7,0,14,5,6,0,5,10,0,0,0,2,0,18,15,0,0,0,1,0,0,0,0,0,8,239,0,0,10,5,0,0,0,2,1,6,16,0,0,0,0,5,1,0,0,2,0,0
wordpress-translations,10,10,merged-average,true,pa,0,0,0,0,0,0,0,0,0,0,4,0,0,0,0,0,0,0,0,0,0,0,0,0,0,0,0,0,0,0,0,0,0,0,495,0,0,1,0,0,0,0,0,0,0,0,0,0,0,0,0,0,0,0,0,0
wordpress-translations,10,10,merged-average,true,pl,0,3,0,0,0,0,1,1,3,0,15,3,5,0,0,4,0,0,0,8,5,6,4,0,0,0,2,2,0,0,0,0,1,0,0,403,2,7,0,0,1,4,2,3,0,5,0,0,0,8,1,0,0,1,0,0
wordpress-translations,10,10,merged-average,true,pt,2,2,0,0,0,23,4,5,4,0,15,62,6,0,1,21,0,0,0,6,2,5,23,0,0,0,2,2,0,0,0,0,7,2,0,0,284,14,0,0,2,1,0,0,1,1,0,0,0,3,0,0,0,0,0,0
wordpress-translations,10,10,merged-average,true,ro,0,10,0,0,0,9,0,0,0,0,14,6,2,0,0,19,0,0,0,6,0,5,28,0,0,0,2,2,0,0,0,0,3,5,0,0,14,367,0,0,1,1,0,1,0,0,0,0,0,3,2,0,0,0,0,0
wordpress-translations,10,10,merged-average,true,ru,1,1,0,59,0,3,0,0,0,0,6,0,1,0,0,1,0,0,0,1,0,0,0,0,0,0,1,0,59,0,0,0,0,1,0,0,0,2,339,0,0,0,0,0,0,0,0,0,0,0,0,25,0,0,0,0
wordpress-translations,10,10,merged-average,true,si,1,0,0,0,0,1,0,0,0,0,4,0,0,0,0,0,0,0,0,0,0,0,0,0,0,0,0,0,0,0,0,0,0,0,0,0,1,0,0,491,0,0,0,0,1,0,0,0,0,1,0,0,0,0,0,0
wordpress-translations,10,10,merged-average,true,sk,1,2,0,0,0,4,92,1,0,0,11,5,3,0,3,2,0,0,0,26,5,0,4,0,0,0,3,4,0,0,0,0,4,2,0,19,14,5,0,0,248,24,1,6,0,0,0,0,0,10,0,0,0,1,0,0
wordpress-translations,10,10,merged-average,true,sl,0,3,0,0,0,2,11,9,4,0,6,5,4,0,3,5,0,0,0,98,1,10,9,0,0,0,7,2,0,0,0,0,3,9,0,2,11,7,0,0,14,237,2,13,3,5,0,0,0,10,5,0,0,0,0,0
wordpress-translations,10,10,merged-average,true,so,0,2,0,0,0,1,1,6,1,0,6,1,11,0,8,3,0,0,0,2,0,12,1,0,0,0,1,0,0,0,0,0,7,2,0,0,3,3,0,0,0,1,392,2,1,6,0,0,0,22,5,0,0,0,0,0
wordpress-translations,10,10,merged-average,true,sq,1,0,0,0,0,8,0,3,3,0,8,2,8,0,6,6,0,0,0,17,0,4,13,0,0,0,1,2,0,0,0,0,3,5,0,3,6,4,0,0,0,12,0,376,1,3,0,0,0,1,4,0,0,0,0,0
wordpress-translations,10,10,merged-average,true,sv,0,12,0,0,0,9,1,38,9,0,18,3,4,0,13,11,0,0,0,4,0,13,12,0,0,0,4,3,0,0,0,0,12,47,0,1,5,5,0,0,0,4,1,6,243,1,0,0,0,15,6,0,0,0,0,0
wordpress-translations,10,10,merged-average,true,sw,0,0,0,0,0,2,3,3,2,0,13,3,8,0,8,3,0,0,0,16,7,38,11,0,0,0,3,1,0,0,0,0,4,4,0,7,4,13,0,0,0,3,34,9,0,263,0,0,0,32,5,0,0,1,0,0
wordpress-translations,10,10,merged-average,true,ta,0,0,0,0,0,0,0,1,0,0,1,0,0,0,0,0,0,0,0,0,0,0,1,0,0,0,0,0,0,0,0,0,0,0,0,0,0,0,0,0,0,0,0,0,0,0,496,0,0,1,0,0,0,0,0,0
wordpress-translations,10,10,merged-average,true,te,0,0,0,0,0,0,0,0,0,0,5,0,0,0,0,1,0,0,0,1,0,0,2,0,0,0,0,0,0,0,0,0,0,0,0,0,0,1,0,0,0,0,0,1,0,0,0,489,0,0,0,0,0,0,0,0
wordpress-translations,10,10,merged-average,true,th,0,3,0,0,0,2,0,0,0,0,2,0,0,0,0,2,0,0,0,0,0,1,0,0,0,0,0,0,0,0,0,0,0,0,0,0,0,1,0,0,0,0,0,0,0,0,0,0,486,2,0,0,0,1,0,0
wordpress-translations,10,10,merged-average,true,tl,0,5,0,0,0,9,0,3,1,0,29,3,7,0,3,5,0,0,0,7,0,19,9,0,0,0,1,2,0,0,0,0,2,8,0,1,8,9,0,0,3,1,7,1,4,7,0,0,0,345,1,0,0,0,0,0
wordpress-translations,10,10,merged-average,true,tr,1,4,0,0,0,2,0,6,11,0,3,6,6,0,6,2,0,0,0,7,1,8,7,0,0,0,0,1,0,0,0,0,1,4,0,2,9,7,0,0,0,5,5,6,10,0,0,0,0,6,374,0,0,0,0,0
wordpress-translations,10,10,merged-average,true,uk,0,2,0,44,0,0,0,0,2,0,3,0,2,0,0,0,0,0,0,0,1,0,0,0,0,0,2,0,65,0,0,0,0,1,0,2,0,0,62,0,0,0,0,0,0,0,0,0,0,0,0,314,0,0,0,0
wordpress-translations,10,10,merged-average,true,ur,0,0,14,0,0,2,0,0,0,0,2,0,0,31,0,0,0,0,0,0,0,0,0,0,0,0,0,2,0,0,0,0,0,0,0,0,0,1,0,0,0,0,0,0,1,0,0,0,0,0,0,0,447,0,0,0
wordpress-translations,10,10,merged-average,true,vi,0,1,0,0,0,2,0,1,1,0,9,0,0,0,0,2,0,0,0,1,0,0,1,0,0,0,1,0,0,0,0,0,2,0,0,0,1,1,0,0,0,0,0,1,0,0,0,0,0,1,0,0,0,475,0,0
wordpress-translations,10,10,merged-average,true,zh-cn,0,4,0,0,0,4,1,0,3,0,21,0,0,0,0,3,0,0,0,2,0,0,2,0,0,0,0,0,0,0,0,0,0,5,0,0,2,0,0,0,2,0,0,0,1,0,0,0,0,4,0,0,0,0,417,29
wordpress-translations,10,10,merged-average,true,zh-tw,4,2,0,0,0,1,0,1,1,0,32,0,0,0,0,2,0,0,0,0,0,0,3,0,0,0,1,0,0,0,0,0,0,6,0,0,0,1,0,0,2,0,0,0,0,0,0,0,0,1,0,0,0,0,15,428
wordpress-translations,20,10,merged-average,true,af,0,300,0,0,0,2,0,8,6,0,17,6,4,0,0,14,0,0,0,0,0,1,1,0,0,0,1,0,0,0,0,0,110,8,0,3,4,4,0,0,0,1,1,3,1,0,0,0,0,5,0,0,0,0,0,0
wordpress-translations,20,10,merged-average,true,ar,0,0,482,0,0,2,0,0,0,0,7,0,0,5,0,0,0,0,0,0,0,0,3,0,0,0,0,0,0,0,0,0,0,0,0,0,0,0,0,0,0,0,0,0,0,0,0,0,0,1,0,0,0,0,0,0
wordpress-translations,20,10,merged-average,true,bg,0,0,0,390,0,0,0,0,0,0,1,0,0,0,0,0,0,0,0,0,0,0,0,0,0,0,0,0,94,0,0,0,0,0,0,0,0,0,14,0,0,0,0,0,0,0,0,0,0,0,0,1,0,0,0,0
wordpress-translations,20,10,merged-average,true,bn,0,0,0,0,496,0,0,0,0,0,4,0,0,0,0,0,0,0,0,0,0,0,0,0,0,0,0,0,0,0,0,0,0,0,0,0,0,0,0,0,0,0,0,0,0,0,0,0,0,0,0,0,0,0,0,0
wordpress-translations,20,10,merged-average,true,ca,0,0,0,0,0,338,0,0,1,0,6,62,0,0,0,24,0,0,0,0,0,4,18,0,0,0,0,0,0,0,0,0,0,0,0,0,35,10,0,0,0,0,0,0,1,0,0,0,0,1,0,0,0,0,0,0
wordpress-translations,20,10,merged-average,true,cs,0,0,0,0,0,1,424,0,1,0,4,2,2,0,1,0,0,0,0,5,0,1,0,0,0,0,1,0,0,0,0,0,1,3,0,1,6,1,0,0,42,3,0,0,0,0,0,0,0,1,0,0,0,0,0,0
wordpress-translations,20,10,merged-average,true,da,0,10,0,0,0,5,0,342,2,0,11,0,0,0,1,4,0,0,0,1,1,4,3,0,0,0,1,0,0,0,0,0,7,95,0,0,2,3,0,0,0,1,0,0,4,0,0,0,0,3,0,0,0,0,0,0
wordpress-translations,20,10,merged-average,true,de,0,20,0,0,0,2,0,11,419,0,9,0,1,0,0,7,0,0,0,1,0,1,2,0,0,0,0,1,0,0,0,0,7,10,0,0,0,1,0,0,0,0,0,0,6,0,0,0,0,1,1,0,0,0,0,0
wordpress-translations,20,10,merged-average,true,el,0,0,0,0,0,0,0,0,1,492,5,1,0,0,0,0,0,0,0,0,0,0,0,0,0,0,0,0,0,0,0,0,0,1,0,0,0,0,0,0,0,0,0,0,0,0,0,0,0,0,0,0,0,0,0,0
wordpress-translations,20,10,merged-average,true,en,0,5,0,0,0,8,0,9,0,0,429,3,1,0,0,18,0,0,0,0,0,0,5,0,0,0,0,0,0,0,0,0,6,1,0,0,2,8,0,0,0,0,0,0,0,0,0,0,0,5,0,0,0,0,0,0
wordpress-translations,20,10,merged-average,true,es,0,2,0,0,0,12,0,2,1,0,4,389,3,0,0,7,0,0,0,1,0,2,13,0,0,0,4,0,0,0,0,0,2,0,0,1,47,8,0,0,0,2,0,0,0,0,0,0,0,0,0,0,0,0,0,0
wordpress-translations,20,10,merged-average,true,et,0,5,0,0,0,3,0,1,0,0,8,0,449,0,11,1,0,0,0,1,0,0,10,0,0,0,0,0,0,0,0,0,1,2,0,0,2,0,0,0,1,0,0,0,1,0,0,0,0,4,0,0,0,0,0,0
wordpress-translations,20,10,merged-average,true,fa,0,1,1,0,0,1,0,0,1,0,7,0,0,481,0,0,0,0,0,0,0,0,0,0,0,0,0,0,0,0,0,0,0,0,0,0,0,1,0,0,0,0,0,0,0,0,0,0,0,1,0,0,6,0,0,0
wordpress-translations,20,10,merged-average,true,fi,0,0,0,0,0,1,0,1,0,0,7,0,9,0,477,1,0,0,0,1,0,0,0,0,0,0,0,0,0,0,0,0,0,1,0,0,0,1,0,0,0,0,0,0,0,0,0,0,0,1,0,0,0,0,0,0
wordpress-translations,20,10,merged-average,true,fr,0,2,0,0,0,9,1,1,1,0,2,7,0,0,0,459,0,0,0,0,0,0,10,0,0,0,0,0,0,0,0,0,3,0,0,0,1,3,0,0,0,0,0,0,0,0,0,0,0,1,0,0,0,0,0,0
wordpress-translations,20,10,merged-average,true,gu,0,1,0,0,0,0,0,0,0,0,4,0,0,0,0,1,494,0,0,0,0,0,0,0,0,0,0,0,0,0,0,0,0,0,0,0,0,0,0,0,0,0,0,0,0,0,0,0,0,0,0,0,0,0,0,0
wordpress-translations,20,10,merged-average,true,he,0,0,0,0,0,1,0,0,0,0,4,0,0,0,0,0,0,492,0,0,0,0,0,0,0,0,1,0,0,0,0,0,0,0,0,0,0,0,0,0,0,0,0,0,0,0,0,0,0,2,0,0,0,0,0,0
wordpress-translations,20,10,merged-average,true,hi,0,0,0,0,0,0,0,0,0,0,3,0,0,0,0,0,0,0,479,0,0,0,0,0,0,0,0,0,0,0,11,7,0,0,0,0,0,0,0,0,0,0,0,0,0,0,0,0,0,0,0,0,0,0,0,0
wordpress-translations,20,10,merged-average,true,hr,0,0,0,0,0,0,0,1,1,0,3,0,4,0,0,0,0,0,0,404,0,2,5,0,0,0,6,1,0,0,0,0,0,0,0,1,2,8,0,0,2,55,1,3,0,0,0,0,0,1,0,0,0,0,0,0
wordpress-translations,20,10,merged-average,true,hu,0,1,0,0,0,2,0,0,1,0,4,0,0,0,3,2,0,0,0,0,475,1,0,0,0,0,0,0,0,0,0,0,1,3,0,0,3,0,0,0,0,0,0,2,0,0,0,0,0,0,2,0,0,0,0,0
wordpress-translations,20,10,merged-average,true,id,0,8,0,0,0,0,0,3,3,0,5,0,7,0,1,0,0,0,0,2,0,410,1,0,0,0,1,0,0,0,0,0,5,3,0,0,2,10,0,0,0,0,1,0,2,4,0,0,0,32,0,0,0,0,0,0
wordpress-translations,20,10,merged-average,true,it,0,4,0,0,0,6,0,3,1,0,12,10,0,0,1,4,0,0,0,0,0,1,426,0,0,0,0,0,0,0,0,0,2,2,0,0,6,19,0,0,1,1,0,0,0,0,0,0,0,1,0,0,0,0,0,0
wordpress-translations,20,10,merged-average,true,ja,0,0,0,0,0,1,0,1,0,0,3,0,0,0,0,0,0,0,0,0,0,0,2,485,0,0,1,0,0,0,0,0,0,0,0,0,0,0,0,0,5,0,0,0,0,0,0,0,0,0,0,0,0,0,2,0
wordpress-translations,20,10,merged-average,true,kn,0,0,0,0,0,0,0,0,0,0,0,0,0,0,0,1,0,0,0,0,0,0,0,0,498,0,0,0,0,0,0,0,0,0,0,0,0,1,0,0,0,0,0,0,0,0,0,0,0,0,0,0,0,0,0,0
wordpress-translations,20,10,merged-average,true,ko,0,0,0,0,0,2,0,0,0,0,1,0,0,0,0,0,0,0,0,0,0,0,0,0,0,496,0,0,0,0,0,0,0,0,0,0,0,0,0,0,1,0,0,0,0,0,0,0,0,0,0,0,0,0,0,0
wordpress-translations,20,10,merged-average,true,lt,0,1,0,0,0,1,0,0,0,0,1,2,2,0,3,0,0,0,0,5,0,1,3,0,0,0,459,6,0,0,0,0,4,0,0,0,3,4,0,0,0,2,0,0,0,0,0,0,0,3,0,0,0,0,0,0
wordpress-translations,20,10,merged-average,true,lv,0,1,0,0,0,2,0,0,2,0,5,0,0,0,1,1,0,0,0,4,0,0,2,0,0,0,12,468,0,0,0,0,1,0,0,0,1,0,0,0,0,0,0,0,0,0,0,0,0,0,0,0,0,0,0,0
wordpress-translations,20,10,merged-average,true,mk,0,2,0,30,0,1,0,0,0,0,3,0,0,0,0,0,0,0,0,0,0,0,0,0,0,0,0,0,460,0,0,0,0,0,0,0,0,0,3,0,0,0,0,0,0,0,0,0,0,1,0,0,0,0,0,0
wordpress-translations,20,10,merged-average,true,ml,2,0,0,0,0,0,0,0,0,0,3,0,0,0,0,0,0,0,0,0,0,0,0,0,0,0,1,0,0,492,0,0,0,1,0,0,0,0,0,0,0,0,0,0,0,0,0,0,0,1,0,0,0,0,0,0
wordpress-translations,20,10,merged-average,true,mr,0,0,0,0,0,0,0,0,0,0,3,0,0,0,0,0,0,0,76,0,0,0,0,0,0,0,0,0,0,0,406,15,0,0,0,0,0,0,0,0,0,0,0,0,0,0,0,0,0,0,0,0,0,0,0,0
wordpress-translations,20,10,merged-average,true,ne,0,0,0,0,0,0,0,0,0,0,3,0,0,0,0,0,0,0,46,0,0,0,0,0,0,0,0,0,0,0,16,435,0,0,0,0,0,0,0,0,0,0,0,0,0,0,0,0,0,0,0,0,0,0,0,0
wordpress-translations,20,10,merged-average,true,nl,0,63,0,0,0,8,0,9,5,0,14,1,1,0,0,6,0,0,0,0,0,1,5,0,0,0,0,1,0,0,0,0,355,13,0,1,2,8,0,0,1,2,0,2,1,0,0,0,0,1,0,0,0,0,0,0
wordpress-translations,20,10,merged-average,true,no,0,8,0,0,0,4,0,86,4,0,9,1,3,0,1,3,0,0,0,0,1,6,2,0,0,0,2,1,0,0,0,0,0,356,0,0,6,0,0,0,0,0,0,0,6,0,0,0,0,0,1,0,0,0,0,0
wordpress-translations,20,10,merged-average,true,pa,0,0,0,0,0,0,0,0,0,0,5,0,0,0,0,0,0,0,0,0,0,0,0,0,0,0,0,0,0,0,0,0,0,0,495,0,0,0,0,0,0,0,0,0,0,0,0,0,0,0,0,0,0,0,0,0
wordpress-translations,20,10,merged-average,true,pl,0,1,0,0,0,0,1,1,1,0,8,1,2,0,0,0,0,0,0,3,0,0,0,0,0,0,0,0,0,0,0,0,0,0,0,469,4,2,0,0,1,1,0,2,0,0,0,0,0,3,0,0,0,0,0,0
wordpress-translations,20,10,merged-average,true,pt,0,1,0,0,0,13,2,0,0,0,7,46,0,0,0,11,0,0,0,4,0,1,6,0,0,0,2,0,0,0,0,0,1,2,0,0,397,6,0,0,0,0,0,1,0,0,0,0,0,0,0,0,0,0,0,0
wordpress-translations,20,10,merged-average,true,ro,0,3,0,0,0,1,0,0,0,0,2,2,2,0,0,2,0,0,0,0,0,0,16,0,0,0,0,0,0,0,0,0,1,2,0,0,2,466,0,0,0,0,0,0,0,0,0,0,0,1,0,0,0,0,0,0
wordpress-translations,20,10,merged-average,true,ru,0,1,0,36,0,0,0,0,0,0,4,0,0,0,0,0,0,0,0,0,0,0,0,0,0,0,0,0,29,0,0,0,0,0,0,0,0,0,422,0,0,0,0,0,0,0,0,0,0,0,0,8,0,0,0,0
wordpress-translations,20,10,merged-average,true,si,0,0,0,0,0,0,0,0,0,0,7,0,0,0,0,0,0,0,0,0,0,0,0,0,0,0,0,0,0,0,0,0,0,1,0,0,0,0,0,491,0,0,0,0,0,0,0,0,0,1,0,0,0,0,0,0
wordpress-translations,20,10,merged-average,true,sk,0,0,0,0,0,1,110,0,0,0,8,2,2,0,2,0,0,0,0,10,2,1,4,0,0,0,2,0,0,0,0,0,0,1,0,6,8,0,0,0,329,10,1,0,0,0,0,0,0,1,0,0,0,0,0,0
wordpress-translations,20,10,merged-average,true,sl,0,4,0,0,0,0,3,1,1,0,6,1,1,0,1,1,0,0,0,95,0,4,6,0,0,0,1,0,0,0,0,0,0,2,0,0,5,7,0,0,1,350,0,4,0,1,0,0,0,5,0,0,0,0,0,0
wordpress-translations,20,10,merged-average,true,so,0,1,0,0,0,0,0,0,0,0,1,0,13,0,2,0,0,0,0,0,0,3,0,0,0,0,0,0,0,0,0,0,6,1,0,0,2,0,0,0,0,0,463,0,0,1,0,0,0,6,1,0,0,0,0,0
wordpress-translations,20,10,merged-average,true,sq,0,0,0,0,0,3,0,0,2,0,7,0,3,0,0,1,0,0,0,6,0,2,4,0,0,0,0,0,0,0,0,0,0,2,0,0,0,2,0,0,0,1,0,465,0,0,0,0,0,1,1,0,0,0,0,0
wordpress-translations,20,10,merged-average,true,sv,0,6,0,0,0,3,0,29,1,0,6,1,2,0,0,1,0,0,0,0,0,10,7,0,0,0,1,1,0,0,0,0,9,41,0,0,0,3,0,0,0,0,0,1,376,0,0,0,0,2,0,0,0,0,0,0
wordpress-translations,20,10,merged-average,true,sw,0,0,0,0,0,0,0,3,1,0,6,3,1,0,5,0,0,0,0,9,0,36,8,0,0,0,0,1,0,0,0,0,4,0,0,3,0,0,0,0,0,1,25,6,0,368,0,0,0,19,1,0,0,0,0,0
wordpress-translations,20,10,merged-average,true,ta,0,0,0,0,0,0,0,2,0,0,2,0,0,0,0,0,0,0,0,0,0,0,0,0,0,0,0,0,0,0,0,0,0,0,0,0,0,0,0,0,1,0,0,0,0,0,495,0,0,0,0,0,0,0,0,0
wordpress-translations,20,10,merged-average,true,te,0,0,0,0,0,0,0,0,0,0,4,0,0,0,0,0,0,0,0,0,0,0,0,0,0,0,0,0,0,0,0,0,0,0,0,0,0,0,0,0,0,0,0,0,0,0,0,495,0,1,0,0,0,0,0,0
wordpress-translations,20,10,merged-average,true,th,0,0,0,0,0,1,0,0,0,0,6,1,0,0,0,0,0,0,0,0,0,0,0,0,0,0,0,0,0,0,0,0,0,0,0,0,0,0,0,0,0,0,0,0,0,0,0,0,492,0,0,0,0,0,0,0
wordpress-translations,20,10,merged-average,true,tl,0,2,0,0,0,7,0,4,1,0,23,0,3,0,1,1,0,0,0,0,0,3,4,0,0,0,0,0,0,0,0,0,0,0,0,0,4,9,0,0,0,0,3,1,0,1,0,0,0,433,0,0,0,0,0,0
wordpress-translations,20,10,merged-average,true,tr,0,0,0,0,0,3,0,2,0,0,3,8,5,0,0,1,0,0,0,4,0,4,3,0,0,0,0,0,0,0,0,0,1,4,0,0,0,1,0,0,0,0,0,0,0,0,0,0,0,0,461,0,0,0,0,0
wordpress-translations,20,10,merged-average,true,uk,0,2,0,21,0,0,0,0,0,0,3,0,1,0,0,0,0,0,0,0,0,0,0,0,0,0,1,0,27,0,0,0,0,1,0,0,0,0,49,0,0,0,0,0,0,0,0,0,0,0,0,395,0,0,0,0
wordpress-translations,20,10,merged-average,true,ur,0,0,0,0,0,1,0,0,0,0,9,0,0,4,0,0,0,0,0,0,0,0,0,0,0,0,1,0,0,0,0,0,0,0,0,0,0,0,0,0,0,0,0,0,0,0,0,0,0,0,0,0,485,0,0,0
wordpress-translations,20,10,merged-average,true,vi,0,1,0,0,0,1,0,0,0,0,5,0,0,0,0,0,0,0,0,0,0,0,0,0,0,0,0,0,0,0,0,0,0,2,0,0,0,0,0,0,0,0,0,0,0,0,0,0,0,0,0,0,0,491,0,0
wordpress-translations,20,10,merged-average,true,zh-cn,0,0,0,0,0,0,0,0,0,0,19,1,0,0,0,3,0,0,0,1,0,0,0,0,0,0,1,0,0,0,0,0,0,4,0,0,1,0,0,0,3,0,0,0,0,0,0,0,0,3,0,0,0,0,425,39
wordpress-translations,20,10,merged-average,true,zh-tw,0,1,0,0,0,1,0,0,0,0,4,0,0,0,0,2,0,0,0,0,0,0,0,0,0,0,0,0,0,0,0,0,0,0,0,0,0,0,0,0,3,0,0,0,0,0,0,0,0,1,0,0,0,0,0,488
